-- phpMyAdmin SQL Dump
-- version 5.1.1
-- https://www.phpmyadmin.net/
--
-- Host: 127.0.0.1
-- Generation Time: Jun 20, 2022 at 05:55 AM
-- Server version: 10.4.20-MariaDB
-- PHP Version: 8.0.9

SET SQL_MODE = "NO_AUTO_VALUE_ON_ZERO";
START TRANSACTION;
SET time_zone = "+00:00";


/*!40101 SET @OLD_CHARACTER_SET_CLIENT=@@CHARACTER_SET_CLIENT */;
/*!40101 SET @OLD_CHARACTER_SET_RESULTS=@@CHARACTER_SET_RESULTS */;
/*!40101 SET @OLD_COLLATION_CONNECTION=@@COLLATION_CONNECTION */;
/*!40101 SET NAMES utf8mb4 */;

--
-- Database: `task`
--

-- --------------------------------------------------------

--
-- Table structure for table `categories`
--

CREATE TABLE `categories` (
  `id` bigint(20) UNSIGNED NOT NULL,
  `name` varchar(255) COLLATE utf8mb4_unicode_ci NOT NULL,
  `created_at` timestamp NULL DEFAULT NULL,
  `updated_at` timestamp NULL DEFAULT NULL
) ENGINE=InnoDB DEFAULT CHARSET=utf8mb4 COLLATE=utf8mb4_unicode_ci;

--
-- Dumping data for table `categories`
--

INSERT INTO `categories` (`id`, `name`, `created_at`, `updated_at`) VALUES
(1, 'laudantium', '2022-06-18 09:07:18', '2022-06-18 09:07:18'),
(2, 'ipsam', '2022-06-18 09:07:18', '2022-06-18 09:07:18'),
(3, 'qui', '2022-06-18 09:07:18', '2022-06-18 09:07:18'),
(4, 'suscipit', '2022-06-18 09:07:18', '2022-06-18 09:07:18'),
(5, 'ut', '2022-06-18 09:07:18', '2022-06-18 09:07:18'),
(6, 'eos', '2022-06-18 09:07:18', '2022-06-18 09:07:18'),
(7, 'a', '2022-06-18 09:07:18', '2022-06-18 09:07:18'),
(8, 'nemo', '2022-06-18 09:07:18', '2022-06-18 09:07:18'),
(9, 'saepe', '2022-06-18 09:07:18', '2022-06-18 09:07:18'),
(10, 'delectus', '2022-06-18 09:07:18', '2022-06-18 09:07:18');

-- --------------------------------------------------------

--
-- Table structure for table `comments`
--

CREATE TABLE `comments` (
  `id` bigint(20) UNSIGNED NOT NULL,
  `content` text COLLATE utf8mb4_unicode_ci NOT NULL,
  `title` varchar(255) COLLATE utf8mb4_unicode_ci NOT NULL DEFAULT 'comment',
  `post_id` bigint(20) NOT NULL,
  `user_id` bigint(20) NOT NULL,
  `created_at` timestamp NULL DEFAULT NULL,
  `updated_at` timestamp NULL DEFAULT NULL
) ENGINE=InnoDB DEFAULT CHARSET=utf8mb4 COLLATE=utf8mb4_unicode_ci;

--
-- Dumping data for table `comments`
--

INSERT INTO `comments` (`id`, `content`, `title`, `post_id`, `user_id`, `created_at`, `updated_at`) VALUES
(1, 'Atque aut tempora sint et. Doloribus ipsam quos et nisi voluptate blanditiis officiis. Expedita quae velit nihil praesentium. Nisi beatae dicta quas vero nesciunt veritatis tenetur.', '', 84, 9, '2022-06-18 09:07:19', '2022-06-18 09:07:19'),
(2, 'Quisquam nostrum doloremque doloremque officiis at consequatur quas velit. Vero aspernatur nulla aut cum autem. Officia voluptatem commodi nihil officia.', '', 84, 10, '2022-06-18 09:07:19', '2022-06-18 09:07:19'),
(3, 'Dignissimos architecto laborum optio. Officia sit quia accusamus voluptates quaerat eos. Laborum corporis aut magnam perferendis porro fuga.', '', 93, 7, '2022-06-18 09:07:19', '2022-06-18 09:07:19'),
(4, 'Aliquid sequi corporis illum ad soluta architecto numquam. Hic quas voluptatum ipsum cupiditate voluptatem dicta. Error et vero facilis ex.', '', 20, 8, '2022-06-18 09:07:19', '2022-06-18 09:07:19'),
(5, 'Corporis temporibus veniam consequatur consequatur blanditiis id rerum. Sint iste omnis dolorem qui odio dolor delectus. Pariatur et illum sint autem atque repudiandae voluptas. Necessitatibus illum culpa perspiciatis excepturi.', '', 61, 5, '2022-06-18 09:07:19', '2022-06-18 09:07:19'),
(6, 'Et ut harum error consequatur enim velit quo. Animi illum est exercitationem.', '', 17, 7, '2022-06-18 09:07:19', '2022-06-18 09:07:19'),
(7, 'Delectus est esse labore eum. Provident error quod et tempore omnis ducimus. Omnis et commodi tempora.', '', 44, 9, '2022-06-18 09:07:19', '2022-06-18 09:07:19'),
(8, 'Harum voluptatem ut veniam quia quos nam repudiandae. Culpa enim qui excepturi unde porro et. Possimus sed quos qui corporis. Maiores deleniti explicabo maiores voluptatem.', '', 93, 9, '2022-06-18 09:07:19', '2022-06-18 09:07:19'),
(9, 'Veniam non temporibus quis ut sint vero. Soluta nesciunt quae aut aut. Rerum deleniti magnam cum quia ut vero id. Molestiae quis voluptatem sunt numquam pariatur in eos.', '', 57, 7, '2022-06-18 09:07:19', '2022-06-18 09:07:19'),
(10, 'Nihil delectus laboriosam sit fugit. Voluptatem dolores odio voluptate nostrum. Nihil ex qui necessitatibus ea dolorem dolores.', '', 95, 8, '2022-06-18 09:07:19', '2022-06-18 09:07:19'),
(11, 'Ipsam voluptate voluptas adipisci sunt magni repellendus quis. Dignissimos qui accusamus occaecati voluptatibus ullam illum animi. Voluptatem voluptatem voluptatibus quisquam iusto.', '', 21, 7, '2022-06-18 09:07:19', '2022-06-18 09:07:19'),
(12, 'Dicta maiores quia quia beatae culpa laborum qui. Dolorum unde est ut est ad sint. Doloremque eius molestias asperiores qui ut quia. Qui eligendi rem ipsa.', '', 85, 4, '2022-06-18 09:07:19', '2022-06-18 09:07:19'),
(13, 'Dolorem voluptate est sit consequuntur. Ab itaque numquam veritatis facere delectus facilis et. Et quasi ut dolorem voluptatem aut velit quia. Assumenda officia sit omnis qui itaque.', '', 82, 9, '2022-06-18 09:07:19', '2022-06-18 09:07:19'),
(14, 'Et et quia aspernatur officiis sed et. Sit numquam ipsum et eum harum expedita. Quasi odit nihil vitae vitae asperiores voluptatum id. Est in ea rem est nobis.', '', 60, 7, '2022-06-18 09:07:19', '2022-06-18 09:07:19'),
(15, 'Qui dolor ab iure minima tempora et. Non praesentium aut mollitia autem qui in. Quo est rerum non quia. Error quisquam laudantium minus tenetur. Voluptas iusto commodi ut aut et quibusdam.', '', 93, 9, '2022-06-18 09:07:19', '2022-06-18 09:07:19'),
(16, 'Quam et blanditiis praesentium voluptatem totam neque. Inventore et dolorem totam iste. Est omnis ad blanditiis. Autem perferendis ut architecto enim sunt dolor cupiditate.', '', 47, 4, '2022-06-18 09:07:19', '2022-06-18 09:07:19'),
(17, 'Harum sit mollitia aut ducimus nihil consequatur a. Autem qui repellat iste dicta. Excepturi iste alias modi tempore minus non ratione et. Suscipit quibusdam maiores optio sint.', '', 62, 6, '2022-06-18 09:07:19', '2022-06-18 09:07:19'),
(18, 'Rerum nihil et qui ipsam. Sed alias harum et error natus nisi impedit. Quaerat ut aut deserunt. Architecto et amet ipsa id sunt. Explicabo dolores error nemo enim illum vitae.', '', 19, 9, '2022-06-18 09:07:19', '2022-06-18 09:07:19'),
(19, 'Ad rerum possimus doloremque cum nobis cumque architecto et. Necessitatibus voluptas sit nihil in quod et eos.', '', 80, 4, '2022-06-18 09:07:19', '2022-06-18 09:07:19'),
(20, 'Qui beatae modi modi iure nesciunt cupiditate. Rerum voluptatum maxime doloribus. Necessitatibus fuga est et quisquam eos. Est voluptatibus consectetur excepturi libero veritatis.', '', 41, 10, '2022-06-18 09:07:19', '2022-06-18 09:07:19'),
(21, 'Quis id sit ut. Fugiat non blanditiis quam ut eos. Et excepturi harum sequi aut error cumque. Repellat ab est reprehenderit dolorem aut.', '', 96, 5, '2022-06-18 09:07:19', '2022-06-18 09:07:19'),
(22, 'Veritatis perspiciatis occaecati repellat magnam aut. Harum ea aperiam similique animi aut voluptas. Aut accusantium minus ullam.', '', 40, 10, '2022-06-18 09:07:19', '2022-06-18 09:07:19'),
(23, 'Explicabo aut quia nulla rerum. Recusandae aut reprehenderit dolores. Hic ut suscipit molestias eaque dicta. Omnis sed praesentium a voluptate minus animi totam possimus.', '', 19, 10, '2022-06-18 09:07:19', '2022-06-18 09:07:19'),
(24, 'Qui eos et rerum impedit. Minima accusamus consequatur vero nihil et. Id reiciendis quis velit facere consequatur.', '', 71, 3, '2022-06-18 09:07:19', '2022-06-18 09:07:19'),
(25, 'Autem vitae qui velit odio quia voluptate eius accusantium. Cumque alias nobis eligendi consequatur. Eos incidunt nesciunt corporis rem unde. Voluptatem suscipit id minus non sed repudiandae temporibus est.', '', 80, 6, '2022-06-18 09:07:19', '2022-06-18 09:07:19'),
(26, 'Qui qui ratione dolore quisquam. Qui rerum quia magnam. Quia similique cupiditate excepturi id necessitatibus in. Consectetur corporis inventore tempore vel soluta temporibus ut.', '', 84, 2, '2022-06-18 09:07:19', '2022-06-18 09:07:19'),
(27, 'Error laborum quisquam dolor laudantium. Vero a et quaerat veritatis asperiores. Atque suscipit nulla ut fugit in animi.', '', 85, 1, '2022-06-18 09:07:19', '2022-06-18 09:07:19'),
(28, 'Vero adipisci harum culpa praesentium voluptatibus. Repellendus ullam ea aut quia. Qui autem est non voluptate laborum. Illo qui ipsum eum dolor officiis sit perferendis voluptate. Explicabo eos natus quidem.', '', 33, 3, '2022-06-18 09:07:19', '2022-06-18 09:07:19'),
(29, 'Sit magni maiores ducimus consequatur voluptates. Aspernatur vitae debitis non vel. Eveniet dolores in illum laboriosam doloribus.', '', 94, 7, '2022-06-18 09:07:19', '2022-06-18 09:07:19'),
(30, 'Quis dolorum sint dicta vero alias in nostrum. Tenetur temporibus asperiores repellendus hic culpa voluptas voluptas. In quod et et odio. Corrupti et dolore voluptatibus.', '', 39, 5, '2022-06-18 09:07:19', '2022-06-18 09:07:19'),
(31, 'Repellat doloribus sit voluptas dolorum. Expedita officia asperiores ea ut cum quibusdam. Itaque expedita numquam aut repellendus iusto reprehenderit amet ut.', '', 61, 6, '2022-06-18 09:07:19', '2022-06-18 09:07:19'),
(32, 'Dolores nesciunt quis ab voluptates id. Hic nulla sit eius voluptas. Qui ut eaque aut ad provident rerum.', '', 53, 9, '2022-06-18 09:07:19', '2022-06-18 09:07:19'),
(33, 'Esse nesciunt eum maxime. Ut eius quod aliquam accusamus recusandae qui perferendis. Et quas provident laborum mollitia.', '', 60, 4, '2022-06-18 09:07:19', '2022-06-18 09:07:19'),
(34, 'Itaque ab assumenda aut ipsam. Consectetur amet tempora accusamus sint dolorem eos omnis. Enim inventore dolor nihil. Velit est ut ut enim nemo non. Est sint amet hic provident laborum.', '', 55, 5, '2022-06-18 09:07:19', '2022-06-18 09:07:19'),
(35, 'Fugit fugiat qui deleniti amet odit reprehenderit consequatur voluptates. Suscipit quidem ut tempora. Est nesciunt voluptates nobis qui. Adipisci eaque doloribus ut corporis est modi culpa.', '', 39, 5, '2022-06-18 09:07:19', '2022-06-18 09:07:19'),
(36, 'Eligendi rem nihil autem optio dolorem. Ex atque omnis voluptas tempora. Doloremque enim ea placeat qui eos iure. Corporis ipsa odio non numquam nobis et nulla.', '', 58, 7, '2022-06-18 09:07:19', '2022-06-18 09:07:19'),
(37, 'Itaque tenetur in hic repellendus aut ducimus deleniti. Aspernatur voluptas eos voluptas repudiandae enim maiores. Tempore soluta temporibus unde assumenda qui.', '', 57, 7, '2022-06-18 09:07:19', '2022-06-18 09:07:19'),
(38, 'Qui earum occaecati quam voluptas. Aut dolorum dolor fugit doloremque quaerat. Molestiae eos molestiae ut.', '', 95, 5, '2022-06-18 09:07:19', '2022-06-18 09:07:19'),
(39, 'Ut ut aspernatur rerum consequuntur nisi consectetur. Dolorem blanditiis magni maiores corrupti sed ducimus laboriosam. Provident esse minima quasi modi labore. Ea dolor rerum sequi in rerum.', '', 85, 10, '2022-06-18 09:07:19', '2022-06-18 09:07:19'),
(40, 'Error ad sit nobis quia molestias alias. Et dolores odio dolore eaque recusandae ullam. Delectus tempore illo perspiciatis reiciendis repellat possimus. Eum aliquam sapiente qui laborum.', '', 67, 4, '2022-06-18 09:07:19', '2022-06-18 09:07:19'),
(41, 'Architecto optio itaque ut neque. Sed non quia dolorum. Corrupti tenetur est ipsum.', '', 83, 5, '2022-06-18 09:07:19', '2022-06-18 09:07:19'),
(42, 'Officia reprehenderit deleniti at sapiente dolor quibusdam. Quas voluptates facere unde veritatis rerum possimus quo. Adipisci assumenda deleniti consectetur tempora velit consectetur.', '', 44, 9, '2022-06-18 09:07:19', '2022-06-18 09:07:19'),
(43, 'Consequatur suscipit asperiores ut dolor error excepturi quisquam. Aut expedita aut deleniti. Qui rerum sunt odio et et autem incidunt. Minus modi et omnis eligendi.', '', 48, 8, '2022-06-18 09:07:19', '2022-06-18 09:07:19'),
(44, 'Cumque dicta sed ipsam ipsa quos voluptas. Quis aut vel ut occaecati vel dicta.', '', 64, 2, '2022-06-18 09:07:19', '2022-06-18 09:07:19'),
(45, 'Cumque numquam dolorum facere numquam quidem reiciendis. Est quo consequatur a. Et reprehenderit libero qui aut magni magni.', '', 41, 5, '2022-06-18 09:07:19', '2022-06-18 09:07:19'),
(46, 'Omnis hic totam est nulla dolores. Sequi impedit fugit dolores amet aut et. Ea aut rerum quam corrupti excepturi. Aut natus enim est adipisci et.', '', 91, 9, '2022-06-18 09:07:19', '2022-06-18 09:07:19'),
(47, 'Temporibus consequatur dolorum velit incidunt nihil. Occaecati ut nemo necessitatibus maiores ea. Itaque qui qui impedit aut et saepe.', '', 34, 4, '2022-06-18 09:07:19', '2022-06-18 09:07:19'),
(48, 'Accusantium quae corrupti qui et exercitationem delectus occaecati. Nisi asperiores porro voluptate. Sunt a ut ratione ipsum dolor. Corporis repellat sed placeat quia similique.', '', 74, 5, '2022-06-18 09:07:19', '2022-06-18 09:07:19'),
(49, 'Quasi voluptatem officiis voluptatibus ut earum labore blanditiis. Dicta qui consequatur aut tenetur nihil quibusdam atque. Asperiores et saepe consequatur magni eveniet nihil velit. Et id ullam itaque quasi dolores et at ut.', '', 47, 2, '2022-06-18 09:07:19', '2022-06-18 09:07:19'),
(50, 'Molestiae modi tenetur magnam consequatur. Dolores sit facilis sed mollitia dolor placeat dolores qui. Nobis voluptas animi numquam architecto sed. Nostrum non ullam iste.', '', 23, 5, '2022-06-18 09:07:19', '2022-06-18 09:07:19'),
(51, 'Consequuntur et aut corporis qui optio quas repudiandae. Praesentium voluptatem autem consequuntur aut animi recusandae. In numquam voluptatibus sunt non. Accusamus fugiat qui earum corporis ea voluptas explicabo.', '', 87, 10, '2022-06-18 09:07:19', '2022-06-18 09:07:19'),
(52, 'Nemo dicta ipsa quia sunt optio magni veniam. Consequatur ut cum consequuntur modi et a temporibus. Tempora assumenda laborum explicabo nulla optio. Accusantium voluptas eum sed quasi consequatur rerum aut et.', '', 98, 4, '2022-06-18 09:07:19', '2022-06-18 09:07:19'),
(53, 'Sed enim animi et et. Suscipit voluptatum eum cupiditate non dolores. Quis accusantium perspiciatis possimus.', '', 43, 6, '2022-06-18 09:07:19', '2022-06-18 09:07:19'),
(54, 'Quam reiciendis voluptatum soluta delectus dolorem id possimus. Odio rem totam enim et ratione. Omnis et dolorem omnis et rerum. Et ut recusandae modi.', '', 59, 7, '2022-06-18 09:07:19', '2022-06-18 09:07:19'),
(55, 'Temporibus officia voluptas dolor odit quo ut et. Quia quia sequi quos nesciunt porro. Est est atque necessitatibus deserunt illum. Quis a ex qui id quibusdam.', '', 55, 5, '2022-06-18 09:07:19', '2022-06-18 09:07:19'),
(56, 'Omnis ut omnis enim molestias error expedita ullam. Et harum incidunt repellendus quam nisi expedita et. In vero maiores itaque est.', '', 64, 4, '2022-06-18 09:07:19', '2022-06-18 09:07:19'),
(57, 'Id vero ea eveniet voluptate. Placeat aut quia voluptatibus hic. Fugiat assumenda quis eaque quaerat velit maiores omnis. Sint non blanditiis aliquam repellat.', '', 72, 5, '2022-06-18 09:07:19', '2022-06-18 09:07:19'),
(58, 'Fugiat aut reiciendis nisi consectetur animi architecto. Corrupti et labore delectus dolorem eos mollitia odit officiis. Eaque ex nulla cum odit ducimus voluptates. Est consequatur aut dolorum quae voluptas.', '', 33, 10, '2022-06-18 09:07:19', '2022-06-18 09:07:19'),
(59, 'Omnis dignissimos labore aliquid perferendis autem consectetur. Esse placeat amet veniam sapiente. Est earum tempore error unde modi adipisci sunt.', '', 33, 9, '2022-06-18 09:07:19', '2022-06-18 09:07:19'),
(60, 'Animi eos dolorum temporibus. Quas perferendis eveniet consequatur ducimus magni iure. Sit et vero repudiandae cupiditate. Reprehenderit nemo aut reiciendis numquam ut sit reiciendis temporibus.', '', 61, 6, '2022-06-18 09:07:20', '2022-06-18 09:07:20'),
(61, 'Iusto laborum unde veniam. Aut odit quia id et ullam pariatur earum.', '', 66, 10, '2022-06-18 09:07:20', '2022-06-18 09:07:20'),
(62, 'Ullam aut ut quis assumenda placeat quo nam. Quae aperiam ad id ut quis deserunt sint. Est et voluptatem voluptas. Reprehenderit omnis molestiae quo neque voluptatem ipsum.', '', 42, 4, '2022-06-18 09:07:20', '2022-06-18 09:07:20'),
(63, 'Quos soluta autem culpa aliquam placeat minus molestiae consequatur. Quibusdam distinctio quae labore ad vel. Quia atque voluptatem et. Quam est dolorum quia a odit et.', '', 86, 9, '2022-06-18 09:07:20', '2022-06-18 09:07:20'),
(64, 'Illo quis ex molestias similique culpa. Rerum omnis modi illo qui.', '', 89, 7, '2022-06-18 09:07:20', '2022-06-18 09:07:20'),
(65, 'Eligendi occaecati fugiat occaecati. Necessitatibus hic quibusdam optio aliquam delectus voluptatem repellendus. Consequatur fuga hic enim id accusantium.', '', 6, 6, '2022-06-18 09:07:20', '2022-06-18 09:07:20'),
(66, 'Repellat eligendi consequatur at omnis repellendus ut voluptatem. Similique sapiente facere cupiditate itaque exercitationem quae dolores. Perferendis nihil quas delectus suscipit sit quia qui. Similique reiciendis provident autem voluptatum.', '', 11, 7, '2022-06-18 09:07:20', '2022-06-18 09:07:20'),
(67, 'Nihil ea dolore libero corporis voluptatibus alias. Ipsam sapiente architecto aut quas asperiores eum dolore. Earum et tempore cum perspiciatis dolorum.', '', 67, 5, '2022-06-18 09:07:20', '2022-06-18 09:07:20'),
(68, 'Est est ea unde repellendus. Voluptatum iure quibusdam quia qui. Fugiat nam quia eligendi a. Nihil quam illo voluptates voluptate odio pariatur est.', '', 37, 2, '2022-06-18 09:07:20', '2022-06-18 09:07:20'),
(69, 'Suscipit eos veritatis ex blanditiis facilis et suscipit possimus. Et consequuntur rerum quia animi. Aliquam nihil impedit doloremque omnis. Qui est ullam perspiciatis consectetur.', '', 69, 7, '2022-06-18 09:07:20', '2022-06-18 09:07:20'),
(70, 'Qui aspernatur qui et illum dolor. Aut incidunt corrupti consequatur sit. Eos corporis consequatur id libero. Iusto velit totam et molestias harum.', '', 24, 2, '2022-06-18 09:07:20', '2022-06-18 09:07:20'),
(71, 'Vel in libero dolores. Et harum qui veniam excepturi voluptatum facilis. Molestiae incidunt qui eos aut ut.', '', 82, 8, '2022-06-18 09:07:20', '2022-06-18 09:07:20'),
(72, 'Molestias aperiam iusto aut. Sint sunt ut aspernatur in esse voluptatem ipsa expedita.', '', 46, 6, '2022-06-18 09:07:20', '2022-06-18 09:07:20'),
(73, 'Tempore et vitae maxime minima sed illum. Pariatur quia eum officiis provident cum qui.', '', 62, 7, '2022-06-18 09:07:20', '2022-06-18 09:07:20'),
(74, 'Illum fugiat accusamus distinctio molestiae laboriosam esse asperiores. Quod in ut ratione. Voluptate eveniet occaecati dolorem id. Iste velit ex et perspiciatis maiores numquam commodi.', '', 93, 3, '2022-06-18 09:07:20', '2022-06-18 09:07:20'),
(75, 'Beatae repellendus dolor animi et rerum. Voluptatem non qui laudantium perspiciatis veniam illo. Quia nihil accusantium earum harum natus. Facere sint reprehenderit labore.', '', 70, 6, '2022-06-18 09:07:20', '2022-06-18 09:07:20'),
(76, 'Perspiciatis sapiente et itaque adipisci. Quisquam totam dolores et nobis eaque natus. Sit rerum consectetur animi itaque libero aut. Voluptate ea laudantium id explicabo error consequatur tempora expedita.', '', 42, 9, '2022-06-18 09:07:20', '2022-06-18 09:07:20'),
(77, 'Omnis minima nisi ipsum corporis. Rerum est omnis explicabo reiciendis et. Cum perspiciatis voluptates aliquam minus quae.', '', 100, 3, '2022-06-18 09:07:20', '2022-06-18 09:07:20'),
(78, 'Voluptate eveniet doloremque omnis debitis. Et ea enim quam porro alias sed. Consequatur voluptatibus tempore dolores et nemo. Quia harum temporibus nemo aut aliquam consequuntur deleniti.', '', 84, 6, '2022-06-18 09:07:20', '2022-06-18 09:07:20'),
(79, 'Ut asperiores commodi sed adipisci. Et aut autem consequuntur. Nulla quia et aut possimus sit aperiam.', '', 81, 7, '2022-06-18 09:07:20', '2022-06-18 09:07:20'),
(80, 'Qui eaque illum quis nobis cum dolores eligendi sunt. In tempora cupiditate dignissimos et consequatur voluptatem est reprehenderit. Pariatur ea eius doloremque sit et. Et quaerat quae voluptatem voluptas. Commodi nemo consequatur deserunt.', '', 53, 10, '2022-06-18 09:07:20', '2022-06-18 09:07:20'),
(81, 'Ab inventore temporibus vel officia quia aut ex temporibus. Minima et est minima. Fuga porro voluptatem rerum accusantium distinctio. Nemo aut architecto est explicabo aut reiciendis.', '', 92, 9, '2022-06-18 09:07:20', '2022-06-18 09:07:20'),
(82, 'Nemo quis ut at laudantium enim. Delectus et quaerat animi. Sit voluptas non maiores id velit ea omnis.', '', 96, 8, '2022-06-18 09:07:20', '2022-06-18 09:07:20'),
(83, 'Accusantium numquam voluptatem alias officia. Et placeat est sed. Et adipisci commodi illo sed.', '', 19, 5, '2022-06-18 09:07:20', '2022-06-18 09:07:20'),
(84, 'Qui error accusantium sint cumque libero a sint. Fuga necessitatibus dignissimos sed sed quisquam maxime sequi. Soluta omnis incidunt vitae.', '', 75, 5, '2022-06-18 09:07:20', '2022-06-18 09:07:20'),
(85, 'A debitis perferendis voluptatem iste nemo. Voluptate vero unde ab. Delectus qui ut nostrum enim dicta quod consectetur voluptatem. Quisquam quae odio est est et tempore voluptatem.', '', 82, 9, '2022-06-18 09:07:20', '2022-06-18 09:07:20'),
(86, 'Deserunt praesentium numquam quis totam numquam occaecati quo. Aut id ut neque. Dolorum consequatur consequatur reiciendis quia esse. Quibusdam fugiat nam iure laboriosam omnis eaque rem et.', '', 43, 4, '2022-06-18 09:07:20', '2022-06-18 09:07:20'),
(87, 'Aliquid hic in nihil sed. Voluptatem ex voluptas laboriosam et. Et eaque ut optio et corrupti molestias nostrum. Totam voluptatem aut non deserunt quis aliquid dicta.', '', 89, 8, '2022-06-18 09:07:20', '2022-06-18 09:07:20'),
(88, 'Omnis ratione soluta soluta quo. Ducimus ut iusto ut deserunt. Quis et qui laborum labore praesentium quo. Quia aut similique similique voluptatem eius. Est magnam consequuntur expedita est officia unde dolores.', '', 2, 4, '2022-06-18 09:07:20', '2022-06-18 09:07:20'),
(89, 'Ut voluptas aliquam consequatur eligendi laborum reprehenderit quia. Nemo facere molestiae dolore totam voluptatem.', '', 27, 3, '2022-06-18 09:07:20', '2022-06-18 09:07:20'),
(90, 'Quos animi consequatur maxime aut. Sapiente quia sint veritatis perspiciatis culpa nulla. Quaerat voluptatem id est et ad earum. Vero dolorem dolores eum sit.', '', 10, 2, '2022-06-18 09:07:20', '2022-06-18 09:07:20'),
(91, 'Repellat enim omnis rerum nisi. Ut quam facere provident et. Repellendus omnis fuga ullam quia.', '', 71, 9, '2022-06-18 09:07:20', '2022-06-18 09:07:20'),
(92, 'Non ipsam in mollitia. Illo harum magnam eos ab accusamus. Quidem voluptas magni quis quia voluptatem rerum tempora. Ipsam voluptatem quibusdam doloribus.', '', 95, 8, '2022-06-18 09:07:20', '2022-06-18 09:07:20'),
(93, 'Ratione aut est officiis modi. Rem perferendis est numquam. Dicta consequatur ut veritatis qui. Quasi aliquam libero sint velit facere.', '', 62, 7, '2022-06-18 09:07:20', '2022-06-18 09:07:20'),
(94, 'Nisi et ea veritatis quibusdam et quos. Autem error tenetur dicta alias autem magnam. Vel officiis voluptatum consequatur adipisci.', '', 6, 8, '2022-06-18 09:07:20', '2022-06-18 09:07:20'),
(95, 'Amet earum consequatur voluptas quae non pariatur. Nobis qui ad beatae error in. Possimus molestiae et natus sit perspiciatis. Qui modi repellat sunt consequatur aut voluptas.', '', 18, 10, '2022-06-18 09:07:20', '2022-06-18 09:07:20'),
(96, 'Consequatur odit quo et consequatur. Corrupti pariatur voluptatem at libero earum. Dolore numquam accusamus iste rerum quia aut. Et error nesciunt consequatur qui corporis.', '', 69, 3, '2022-06-18 09:07:20', '2022-06-18 09:07:20'),
(97, 'Vel temporibus velit illum ipsam. Assumenda corrupti inventore aliquid magni magni vero labore est. Est tempore distinctio laudantium ratione laboriosam magnam facilis cupiditate. Corrupti nam est et enim atque placeat et.', '', 75, 7, '2022-06-18 09:07:20', '2022-06-18 09:07:20'),
(98, 'Unde soluta enim et nemo quia. Et qui nostrum delectus velit. Omnis odio natus mollitia exercitationem explicabo minus sint.', '', 45, 4, '2022-06-18 09:07:20', '2022-06-18 09:07:20'),
(99, 'In velit consequuntur vel voluptates rerum dolorem tempore. Mollitia in explicabo veniam molestias enim iusto aut. Omnis assumenda quia corrupti iste voluptas labore.', '', 90, 6, '2022-06-18 09:07:20', '2022-06-18 09:07:20'),
(100, 'Illo et omnis assumenda aut. Harum excepturi qui nisi tenetur id. Id et nemo dolores qui repudiandae eos. Fugiat totam aut facilis beatae adipisci.', '', 44, 10, '2022-06-18 09:07:20', '2022-06-18 09:07:20'),
(101, 'Voluptate exercitationem necessitatibus non sunt ea ipsum reiciendis. Quas nihil dolor amet libero. Impedit labore et placeat accusamus velit. Odio dolor consequatur labore illo quis molestiae qui quasi.', '', 50, 7, '2022-06-18 09:07:20', '2022-06-18 09:07:20'),
(102, 'Qui praesentium fugiat itaque vel. Eius corporis impedit incidunt non accusantium voluptatem. Exercitationem quo aliquam alias aut nihil provident officia. Totam dolor ea temporibus laborum voluptate magnam eos. Illo aut dolor rerum explicabo dolorem.', '', 57, 10, '2022-06-18 09:07:20', '2022-06-18 09:07:20'),
(103, 'Quae pariatur minus optio amet atque aliquid velit. Asperiores et unde eligendi atque nesciunt facere. Quo iure nemo sapiente reiciendis. Accusantium quam fugiat rem. In quos optio ad perspiciatis.', '', 90, 10, '2022-06-18 09:07:20', '2022-06-18 09:07:20'),
(104, 'Totam fugit doloremque saepe nulla pariatur modi ab. Eveniet dicta rerum sit dolorem voluptatem. Omnis magnam ut rerum cumque et natus natus.', '', 60, 5, '2022-06-18 09:07:20', '2022-06-18 09:07:20'),
(105, 'Voluptatem non unde totam ut reprehenderit illum. Et dolore corrupti dolor alias esse quo. Provident et non hic et. Cumque iste dolorem possimus omnis atque.', '', 17, 7, '2022-06-18 09:07:20', '2022-06-18 09:07:20'),
(106, 'Soluta deleniti non atque. Ea alias consectetur amet dicta quis. Cupiditate tempora non fugit eum odio.', '', 91, 10, '2022-06-18 09:07:20', '2022-06-18 09:07:20'),
(107, 'Omnis similique odio quisquam architecto beatae aut. Labore laboriosam porro est. Omnis molestiae hic voluptas non occaecati qui sunt. Dolorem libero voluptas expedita ea consequatur rerum in tempora.', '', 39, 5, '2022-06-18 09:07:20', '2022-06-18 09:07:20'),
(108, 'Odio debitis earum ab velit qui dolorum. Quod nulla officia modi illum iure. Assumenda eum eos quia ipsum eum ullam. Quam ut itaque et aliquam nesciunt atque sint.', '', 53, 10, '2022-06-18 09:07:20', '2022-06-18 09:07:20'),
(109, 'Sit consequatur nisi et vel magni atque. Perspiciatis illo atque et exercitationem. Officiis itaque earum optio a reiciendis.', '', 45, 2, '2022-06-18 09:07:20', '2022-06-18 09:07:20'),
(110, 'Provident rerum aut et saepe ut. Quos voluptas velit dolorum corrupti architecto molestiae. Molestiae corporis natus ut corporis consequatur.', '', 61, 8, '2022-06-18 09:07:20', '2022-06-18 09:07:20'),
(111, 'Enim et quia consectetur incidunt aperiam. Natus architecto optio et ea perspiciatis. Voluptatem qui corrupti ut voluptatem incidunt sit est et.', '', 50, 7, '2022-06-18 09:07:20', '2022-06-18 09:07:20'),
(112, 'Doloremque dicta labore modi aliquid vel dolores dolor. Quia qui et architecto hic et pariatur itaque amet. Id dolorem iusto neque consectetur veniam dolores veritatis quis. Asperiores aut distinctio quis iusto voluptas voluptas culpa.', '', 4, 7, '2022-06-18 09:07:20', '2022-06-18 09:07:20'),
(113, 'Dignissimos voluptatum qui inventore nemo consequatur veniam. Quis temporibus molestiae sed. Aut sequi at ipsum dicta aspernatur quis nihil.', '', 22, 8, '2022-06-18 09:07:20', '2022-06-18 09:07:20'),
(114, 'Officia excepturi aperiam aut. Architecto ea ut est. Quia ea qui omnis aut consequatur et. Voluptatum fugit ut dolor sit voluptatem. Rerum ad quis blanditiis quam perspiciatis.', '', 48, 6, '2022-06-18 09:07:20', '2022-06-18 09:07:20'),
(115, 'Nihil voluptates illum aliquid. Non odit ut ratione blanditiis ut libero eos. Sit architecto corporis rerum pariatur voluptatem.', '', 60, 2, '2022-06-18 09:07:20', '2022-06-18 09:07:20'),
(116, 'Sed excepturi repudiandae nam quibusdam nisi. Ducimus suscipit atque dolorem quae dolore dolores. Error sequi facilis ut temporibus officia velit delectus.', '', 62, 6, '2022-06-18 09:07:20', '2022-06-18 09:07:20'),
(117, 'Accusamus et alias ex. Eum vitae inventore consequatur vero delectus. Officia qui aut excepturi. Eaque expedita ex odit molestias qui harum.', '', 54, 9, '2022-06-18 09:07:20', '2022-06-18 09:07:20'),
(118, 'Provident reiciendis sed est omnis. Vel praesentium est ducimus ut enim sit perferendis. In dolor in asperiores. Id recusandae vero quo fuga voluptatem totam nisi dolores.', '', 39, 10, '2022-06-18 09:07:20', '2022-06-18 09:07:20'),
(119, 'Eos doloremque fugit dolorem ex tempora dolorum voluptate doloremque. Autem itaque voluptas placeat voluptas culpa culpa fuga ut. Aperiam sapiente sit architecto ipsam magnam.', '', 75, 9, '2022-06-18 09:07:20', '2022-06-18 09:07:20'),
(120, 'Architecto sint ut commodi quia. Quaerat fugit consequuntur deserunt iusto ut quo. Ex dolorem sint cumque. At odit nisi quia blanditiis velit asperiores qui. Odit aut perferendis quia esse.', '', 94, 8, '2022-06-18 09:07:20', '2022-06-18 09:07:20'),
(121, 'Laudantium illum sequi id nostrum perferendis. Quas dolor odio aut dolores nihil magni vel. Aliquam facere harum vel accusantium nam vitae.', '', 61, 9, '2022-06-18 09:07:20', '2022-06-18 09:07:20'),
(122, 'Nemo vitae consequatur nam similique et officiis repudiandae. Rerum vel id voluptatem rerum. Veritatis illum facilis non reiciendis exercitationem eligendi aut incidunt. Illo occaecati sunt eos ut natus omnis aut.', '', 60, 10, '2022-06-18 09:07:20', '2022-06-18 09:07:20'),
(123, 'Voluptas distinctio et qui aut voluptatem voluptate et enim. Qui fuga est quo molestiae. Rerum consequuntur quaerat repellendus harum. Nesciunt quidem quisquam quasi eum amet.', '', 18, 6, '2022-06-18 09:07:20', '2022-06-18 09:07:20'),
(124, 'Odit illo dolor assumenda velit provident. Eum est accusamus quo vero voluptate ut enim. Libero possimus quos architecto vel quo incidunt omnis recusandae.', '', 81, 4, '2022-06-18 09:07:20', '2022-06-18 09:07:20'),
(125, 'Nisi sit excepturi aut saepe dolorem eum. Expedita sint soluta excepturi consequatur eius veniam error. Velit eveniet sit quae quia rerum modi.', '', 75, 3, '2022-06-18 09:07:20', '2022-06-18 09:07:20'),
(126, 'Quia maiores culpa ipsum deserunt quia reiciendis. Quas ut qui aut iste saepe beatae aut. Totam dolorem neque quam delectus et sit cumque. Distinctio et blanditiis ipsum fugit ullam.', '', 85, 6, '2022-06-18 09:07:20', '2022-06-18 09:07:20'),
(127, 'Numquam autem quisquam doloribus aut ut a. Autem qui quidem perspiciatis voluptatibus aut enim numquam. Veritatis ex quae et totam minus animi. Molestias possimus et sed cum.', '', 40, 5, '2022-06-18 09:07:20', '2022-06-18 09:07:20'),
(128, 'Omnis quo dolores qui sint omnis. Nulla nemo enim vel et repellat. Qui reiciendis et illo placeat.', '', 43, 9, '2022-06-18 09:07:20', '2022-06-18 09:07:20'),
(129, 'Soluta nostrum quo corrupti unde rerum dolor. Qui minus quo neque rerum cumque repellendus architecto. Est quisquam in necessitatibus eveniet magnam.', '', 88, 10, '2022-06-18 09:07:20', '2022-06-18 09:07:20'),
(130, 'Ut ut deserunt iste fuga facere magni minus placeat. Autem officia ut similique et atque. Enim cupiditate et et cumque corrupti voluptatem nihil.', '', 43, 8, '2022-06-18 09:07:20', '2022-06-18 09:07:20'),
(131, 'Aut eum adipisci molestias voluptas aut fugit. Qui quos sed ut voluptas molestias fugit rem. Distinctio fugit rem quo dolores ex. Est cupiditate eum harum non consequuntur dolorem.', '', 87, 4, '2022-06-18 09:07:20', '2022-06-18 09:07:20'),
(132, 'Explicabo quia dolore magnam vitae nihil eum. Aut est ut quaerat repellendus consectetur ut. Eum dicta voluptatum deserunt vel et. Eaque et sunt architecto eos aliquam eum.', '', 88, 9, '2022-06-18 09:07:20', '2022-06-18 09:07:20'),
(133, 'Ad iusto dolor aut officia et. Sunt sed optio pariatur maxime beatae. Autem qui sunt rerum sequi. Repudiandae culpa in consequatur.', '', 21, 2, '2022-06-18 09:07:20', '2022-06-18 09:07:20'),
(134, 'Ea architecto porro libero natus enim rerum et. Eum sed placeat et qui consequatur et. Voluptatem necessitatibus enim optio animi nemo nisi.', '', 93, 6, '2022-06-18 09:07:20', '2022-06-18 09:07:20'),
(135, 'Accusamus unde et ut facere incidunt adipisci. Vel unde exercitationem vel quisquam. Dolor ut pariatur molestiae dolores saepe cupiditate culpa minima. Quas dolores corporis itaque dolor non incidunt architecto.', '', 43, 6, '2022-06-18 09:07:20', '2022-06-18 09:07:20'),
(136, 'Dolorum labore eos voluptates ut veniam magnam. Voluptatem voluptatibus rem aut non dolor. Vel rerum praesentium sit quidem unde.', '', 36, 6, '2022-06-18 09:07:20', '2022-06-18 09:07:20'),
(137, 'Facere et quis sit dolores error. Et nihil id eveniet. Enim sed quidem est iusto nostrum nam quisquam.', '', 25, 7, '2022-06-18 09:07:20', '2022-06-18 09:07:20'),
(138, 'Magni sequi eius fugit sit. Vel aut quos doloremque quasi. Explicabo assumenda odit cumque. Consequatur sunt quos nobis id officiis vel vero.', '', 58, 10, '2022-06-18 09:07:20', '2022-06-18 09:07:20'),
(139, 'Enim nam animi sapiente perspiciatis. Hic aspernatur similique dolorem illo consequatur. Tempora enim architecto eum dolorum nam repellat ratione. Esse unde nihil eum et.', '', 78, 5, '2022-06-18 09:07:20', '2022-06-18 09:07:20'),
(140, 'Neque facere labore qui excepturi dolores placeat. Nemo debitis dolore ducimus. Voluptatem libero et rem enim aut.', '', 95, 1, '2022-06-18 09:07:20', '2022-06-18 09:07:20'),
(141, 'Reiciendis aperiam perspiciatis quas qui in eligendi. Et exercitationem id et perspiciatis sunt sed esse. Eos harum aut quis illum vel qui. Quis sit consequatur ratione amet.', '', 73, 2, '2022-06-18 09:07:20', '2022-06-18 09:07:20'),
(142, 'Maxime qui error ut assumenda. Omnis sunt sint ipsum laborum amet atque. Possimus quos praesentium quia iusto voluptates et.', '', 64, 3, '2022-06-18 09:07:20', '2022-06-18 09:07:20'),
(143, 'Libero optio molestias placeat similique culpa beatae. Odit iste cumque minus optio architecto quo. Praesentium doloribus ullam delectus maiores. Officia consectetur et nulla et ut a sed et.', '', 57, 10, '2022-06-18 09:07:20', '2022-06-18 09:07:20'),
(144, 'Et enim et aut et eaque iste. Rerum vitae voluptatum eveniet fugit quibusdam asperiores. Voluptates vel cum eaque dolores enim.', '', 95, 10, '2022-06-18 09:07:20', '2022-06-18 09:07:20'),
(145, 'Voluptate est quam qui voluptatibus. Omnis odit aliquid molestiae cupiditate.', '', 71, 6, '2022-06-18 09:07:20', '2022-06-18 09:07:20'),
(146, 'Blanditiis amet temporibus totam autem eos modi ut. Qui velit officiis deserunt. Enim quae dolores et quis. Esse dolorem nam culpa ratione repellat in.', '', 86, 8, '2022-06-18 09:07:20', '2022-06-18 09:07:20'),
(147, 'Omnis minus inventore qui ut saepe expedita quia. Itaque maxime et consequatur. Sunt reprehenderit aut ut sint consequatur earum. Repudiandae sed itaque occaecati quia est. Suscipit voluptas consectetur deleniti sed.', '', 23, 6, '2022-06-18 09:07:20', '2022-06-18 09:07:20'),
(148, 'Aut voluptas excepturi autem odit animi cum. Perferendis aspernatur dolore exercitationem commodi perspiciatis aspernatur. Et ipsum consequuntur perferendis quia provident.', '', 53, 9, '2022-06-18 09:07:20', '2022-06-18 09:07:20'),
(149, 'Est et aut asperiores id quas voluptatem quod ut. Excepturi alias ipsa aut facilis. Perferendis culpa corrupti quae ut dolor. Placeat magnam eligendi occaecati dolores.', '', 92, 3, '2022-06-18 09:07:20', '2022-06-18 09:07:20'),
(150, 'Alias at molestiae incidunt quis ea libero voluptatem. Illo et esse magnam consequatur eveniet qui dignissimos nobis. Fugiat iste non officiis dolores. Aliquid cupiditate repellendus ipsum consequuntur. Fugiat eveniet voluptatibus aut earum voluptatum eum.', '', 59, 7, '2022-06-18 09:07:20', '2022-06-18 09:07:20'),
(151, 'Sunt occaecati consequatur temporibus odit incidunt dignissimos repudiandae. Quasi et ipsam numquam quisquam. Aut sequi iure vero. Reprehenderit est cum architecto assumenda ullam suscipit accusantium. Aspernatur quod cupiditate et corporis repellat sint.', '', 84, 4, '2022-06-18 09:07:20', '2022-06-18 09:07:20'),
(152, 'Recusandae perspiciatis incidunt in porro. Quis sit eveniet enim veniam laudantium. Et ratione aliquid qui vitae molestiae consequuntur ipsum possimus.', '', 91, 5, '2022-06-18 09:07:20', '2022-06-18 09:07:20'),
(153, 'Et saepe pariatur alias iste corporis autem ut. Iure hic eos at odio voluptate. Id ratione eum id qui id.', '', 81, 8, '2022-06-18 09:07:20', '2022-06-18 09:07:20'),
(154, 'Voluptas ut qui labore. Velit qui nostrum voluptas quisquam possimus. Sed voluptatem omnis asperiores eos quo laborum qui labore. Velit earum architecto doloribus cumque dolore corporis exercitationem sed.', '', 9, 4, '2022-06-18 09:07:20', '2022-06-18 09:07:20'),
(155, 'Praesentium libero dicta itaque harum unde aspernatur. Molestiae dolores sed harum perspiciatis rerum soluta. Odit quia explicabo saepe repellat neque non exercitationem.', '', 99, 5, '2022-06-18 09:07:20', '2022-06-18 09:07:20'),
(156, 'Repellat laudantium adipisci minima delectus dicta dolores sunt. Sit ut enim dolorem. Quae autem omnis aliquam et voluptas. Voluptas sint voluptates facere dignissimos qui tempora.', '', 75, 10, '2022-06-18 09:07:20', '2022-06-18 09:07:20'),
(157, 'Veritatis ullam velit officia sit. Voluptatem iure qui est temporibus quo. Deserunt explicabo non enim adipisci fuga.', '', 40, 6, '2022-06-18 09:07:20', '2022-06-18 09:07:20'),
(158, 'In pariatur corrupti labore rerum enim. Officiis tempore et et harum ea eos. Ducimus ex dolore amet consequatur molestias. Eius fuga corporis ut dolore est eum.', '', 52, 2, '2022-06-18 09:07:20', '2022-06-18 09:07:20'),
(159, 'Aut qui inventore quaerat officiis illum tempora dolorem quaerat. Voluptatem id quam fugiat quam. Repudiandae nihil quisquam iusto eos et.', '', 53, 7, '2022-06-18 09:07:20', '2022-06-18 09:07:20'),
(160, 'Velit sed aspernatur delectus labore. Cumque accusantium itaque porro veritatis eius. Natus quae quae est magni sint doloremque. Vel eum debitis aperiam numquam nemo sint asperiores.', '', 41, 8, '2022-06-18 09:07:20', '2022-06-18 09:07:20'),
(161, 'Similique nisi voluptatem nesciunt culpa hic ut quam autem. Molestias vel ducimus eum provident. Repellat officiis nulla quasi voluptatem. Illo doloribus labore fugit qui.', '', 13, 2, '2022-06-18 09:07:20', '2022-06-18 09:07:20'),
(162, 'Quo eum totam culpa dolorem optio beatae quas vitae. Dolorem dolor velit nulla corrupti error ex vero. Sint blanditiis quo dolor modi nostrum aspernatur nobis.', '', 71, 3, '2022-06-18 09:07:20', '2022-06-18 09:07:20'),
(163, 'Vero facere doloremque nemo aspernatur assumenda natus est. Hic dolores dicta facere.', '', 49, 6, '2022-06-18 09:07:20', '2022-06-18 09:07:20'),
(164, 'Eum consequatur nobis qui voluptas. Perspiciatis qui eius voluptatem distinctio iste. Cum nihil at vel et neque rerum quo aut.', '', 74, 6, '2022-06-18 09:07:20', '2022-06-18 09:07:20'),
(165, 'Aliquid iusto beatae omnis fugiat et voluptates natus. Quo sit soluta quisquam perspiciatis. Et voluptates et quaerat est omnis. Non voluptatibus soluta dolor sunt alias et consequatur quibusdam.', '', 23, 5, '2022-06-18 09:07:20', '2022-06-18 09:07:20'),
(166, 'Et ut cum exercitationem maxime nobis est inventore ullam. Velit dolorem iure unde ut. Neque totam debitis omnis ut omnis minus et. Tenetur provident quasi adipisci rerum dolore molestiae. Beatae eius cupiditate aliquid.', '', 83, 5, '2022-06-18 09:07:20', '2022-06-18 09:07:20'),
(167, 'Ratione enim autem repellat sit necessitatibus consequatur adipisci et. Aut velit vel quia. Aut quas veniam accusamus. Asperiores eligendi beatae dolore dolores quos sed.', '', 29, 3, '2022-06-18 09:07:20', '2022-06-18 09:07:20'),
(168, 'Delectus fugiat id quod nesciunt provident. Consequuntur vitae sed aut. Atque eveniet totam quo provident suscipit.', '', 91, 10, '2022-06-18 09:07:20', '2022-06-18 09:07:20'),
(169, 'Quo consequuntur eos eaque beatae eum eos adipisci. Qui eum perspiciatis laboriosam rerum. In est officia at quibusdam neque dolor necessitatibus similique. Et id eveniet officiis reprehenderit accusamus commodi voluptatum optio.', '', 97, 7, '2022-06-18 09:07:20', '2022-06-18 09:07:20'),
(170, 'Impedit nihil totam neque et et exercitationem. Ut sunt sit sunt asperiores est consequatur nobis. Tempora veritatis pariatur modi autem. Sapiente autem facilis voluptas molestiae voluptatem vero. Et non accusamus sequi vitae.', '', 100, 6, '2022-06-18 09:07:20', '2022-06-18 09:07:20'),
(171, 'Qui nam corporis recusandae facere iste nulla eos. Aut possimus laborum voluptas. Est et quidem perspiciatis enim.', '', 39, 5, '2022-06-18 09:07:20', '2022-06-18 09:07:20'),
(172, 'Incidunt magni enim natus consectetur ipsam ipsa qui. Reprehenderit est delectus ipsam nihil et vel ad. A eligendi asperiores molestiae. Placeat recusandae possimus laborum provident harum ab.', '', 28, 10, '2022-06-18 09:07:20', '2022-06-18 09:07:20'),
(173, 'Reprehenderit assumenda sint ex quidem omnis nobis velit. Consectetur omnis consequuntur minima officia. Id eos cum facilis ipsa adipisci.', '', 69, 7, '2022-06-18 09:07:20', '2022-06-18 09:07:20'),
(174, 'Sed molestiae soluta praesentium ea. Eveniet iure animi similique nostrum id inventore vel. Et ipsa unde officia.', '', 80, 8, '2022-06-18 09:07:20', '2022-06-18 09:07:20'),
(175, 'Nobis illo totam earum quos fugit ab sit. Porro quaerat et quaerat quo sed magni asperiores corporis. Corrupti qui est ut voluptate. Odio sit rerum quidem inventore esse veritatis tempore. Labore officiis repellendus necessitatibus quisquam ut repellat.', '', 44, 2, '2022-06-18 09:07:20', '2022-06-18 09:07:20'),
(176, 'Voluptatem reiciendis est ipsam dolorem. Consequatur magnam nam id totam et amet et ut. Et non repellat molestiae unde. Eius earum maxime earum et quis at.', '', 23, 9, '2022-06-18 09:07:20', '2022-06-18 09:07:20'),
(177, 'Quasi fugit saepe quidem culpa quae ut laudantium. Ut quia deleniti necessitatibus ipsum deleniti non. Non in quaerat corporis voluptatem laboriosam ullam.', '', 85, 4, '2022-06-18 09:07:20', '2022-06-18 09:07:20'),
(178, 'Et fugiat quos dolorem nesciunt quos architecto sed. Suscipit velit ad modi quas sint. Atque quam similique dolorum ut voluptatibus sint.', '', 44, 9, '2022-06-18 09:07:20', '2022-06-18 09:07:20'),
(179, 'Sunt cum at tempora porro consectetur eos. Vero natus numquam eum accusantium. Porro alias natus dolores consequatur inventore modi. Et repellendus excepturi saepe at.', '', 55, 6, '2022-06-18 09:07:20', '2022-06-18 09:07:20'),
(180, 'In repudiandae et quidem molestiae a id aut quas. Ad dolor fuga doloribus vitae deserunt. Commodi occaecati tempora similique quod tempore qui.', '', 94, 4, '2022-06-18 09:07:20', '2022-06-18 09:07:20'),
(181, 'Quaerat delectus perspiciatis quam pariatur reiciendis molestias odit laborum. Impedit facere eius officia fugiat. Ea numquam et consequatur exercitationem accusantium. Dolor quo reiciendis qui voluptate vel at alias.', '', 35, 6, '2022-06-18 09:07:20', '2022-06-18 09:07:20'),
(182, 'Omnis ut dolore doloribus et aut adipisci. Velit placeat expedita et id. Voluptatem vitae asperiores illo praesentium deleniti eum blanditiis. Ea ut et non illo. Quaerat sed eligendi molestias qui.', '', 27, 4, '2022-06-18 09:07:20', '2022-06-18 09:07:20'),
(183, 'Consequatur est nobis nemo et aut sit. Et officia porro fugit magnam quo. Sed velit qui nobis atque voluptatem reiciendis. Quaerat veniam illo et accusamus est non in.', '', 59, 6, '2022-06-18 09:07:20', '2022-06-18 09:07:20'),
(184, 'Officia impedit ipsum natus delectus. Facere corrupti voluptates qui sint unde ut. Pariatur cum rerum in veritatis ad minus.', '', 100, 10, '2022-06-18 09:07:20', '2022-06-18 09:07:20'),
(185, 'Ea architecto nihil architecto sint voluptas necessitatibus omnis recusandae. Facere numquam architecto expedita. Ut iste rerum voluptas eos sed quo.', '', 82, 4, '2022-06-18 09:07:20', '2022-06-18 09:07:20'),
(186, 'Qui totam accusantium nulla architecto sequi sapiente consequatur. Recusandae ea ab non et fuga repudiandae. Eos assumenda assumenda rerum iure qui ipsam.', '', 63, 6, '2022-06-18 09:07:20', '2022-06-18 09:07:20'),
(187, 'Necessitatibus totam tenetur eum illo facilis officiis nobis. Quia laboriosam exercitationem aut. Neque culpa vel explicabo sed est. Eum qui ut soluta voluptatum nulla eum fugiat.', '', 54, 5, '2022-06-18 09:07:20', '2022-06-18 09:07:20'),
(188, 'Ipsum mollitia consequatur corrupti magni perferendis iusto. Quisquam quos eaque natus dolores quam. Modi aut facilis labore quibusdam perferendis rerum dolorem molestiae. Voluptate atque corrupti adipisci dolorum atque dolor exercitationem.', '', 55, 3, '2022-06-18 09:07:20', '2022-06-18 09:07:20'),
(189, 'Rerum cumque esse impedit porro ipsam ipsum. Rerum dolores mollitia qui voluptates. Magni aut culpa consequatur explicabo et enim.', '', 14, 3, '2022-06-18 09:07:20', '2022-06-18 09:07:20'),
(190, 'Qui labore a totam repellendus quos sed. Tempora similique atque ut est molestiae sed. Est vitae illum molestiae libero qui laboriosam et et.', '', 95, 8, '2022-06-18 09:07:20', '2022-06-18 09:07:20'),
(191, 'Minus nisi similique possimus ut soluta nam veniam. Delectus non vel repellendus qui voluptatem saepe expedita. Dolor magnam non autem deserunt.', '', 66, 7, '2022-06-18 09:07:20', '2022-06-18 09:07:20'),
(192, 'Rerum aliquam recusandae perspiciatis. Ut eum debitis tempore soluta mollitia esse. Est omnis dicta eveniet et non et autem.', '', 26, 5, '2022-06-18 09:07:20', '2022-06-18 09:07:20'),
(193, 'Voluptas in magni provident. Et ab maxime quia earum.', '', 50, 4, '2022-06-18 09:07:20', '2022-06-18 09:07:20'),
(194, 'Sapiente cum nisi laudantium culpa error quam. Fugiat est recusandae accusantium. Consectetur temporibus qui accusamus est. Velit voluptates eos officia hic quia tenetur inventore.', '', 84, 8, '2022-06-18 09:07:20', '2022-06-18 09:07:20'),
(195, 'Saepe eligendi accusamus expedita dolor necessitatibus. Deleniti dolor voluptatem in maxime aut quasi. Esse laborum corporis corrupti consequatur. Repellat est voluptas consequuntur officiis minus id.', '', 20, 3, '2022-06-18 09:07:20', '2022-06-18 09:07:20'),
(196, 'Nihil assumenda ab laborum id at aut laborum cum. Alias mollitia voluptatem veniam. Corrupti distinctio accusantium sint aut. Rem omnis exercitationem velit.', '', 63, 2, '2022-06-18 09:07:20', '2022-06-18 09:07:20'),
(197, 'Tenetur rerum similique nesciunt eum excepturi ratione. Sit rerum consequatur molestiae iusto eveniet. Delectus qui impedit praesentium velit nam quo. Magni dolorum nobis quia veniam id explicabo ut.', '', 38, 3, '2022-06-18 09:07:20', '2022-06-18 09:07:20'),
(198, 'Quae sapiente fuga ullam reiciendis sint quos expedita. Quo porro voluptas soluta veritatis ducimus nostrum. Et eius ea ab eos.', '', 83, 10, '2022-06-18 09:07:20', '2022-06-18 09:07:20'),
(199, 'Quibusdam eligendi molestias qui excepturi. Eius iure enim architecto. Optio ex aspernatur unde dignissimos soluta dolorem quia. Soluta qui minus minima rerum.', '', 54, 6, '2022-06-18 09:07:20', '2022-06-18 09:07:20'),
(200, 'Quia sequi nostrum velit consequatur. Aut quia temporibus neque tenetur consequatur. Incidunt nemo similique quasi magnam ut corrupti et.', '', 60, 10, '2022-06-18 09:07:20', '2022-06-18 09:07:20'),
(201, 'Accusamus esse enim necessitatibus rerum doloribus iusto. Enim et asperiores fuga quas. Quis rerum quas cum velit est minima dolor totam. Voluptas amet repellendus cumque delectus voluptatem aliquam.', '', 48, 6, '2022-06-18 09:07:20', '2022-06-18 09:07:20'),
(202, 'Omnis aperiam occaecati eaque sint qui ab inventore voluptatem. Ut ullam impedit dolorum. Sit dolore vel ut quaerat.', '', 79, 7, '2022-06-18 09:07:20', '2022-06-18 09:07:20'),
(203, 'Fugit excepturi distinctio assumenda quaerat. Atque iste adipisci nesciunt consequatur ut pariatur consequatur dolor. Cumque eligendi error asperiores et.', '', 93, 4, '2022-06-18 09:07:20', '2022-06-18 09:07:20'),
(204, 'Et voluptate et ut aut aspernatur voluptate. Debitis labore accusamus dicta expedita minima delectus repellat. Unde fugiat voluptatum nulla laudantium non distinctio cum cumque. Rerum porro dolorum dignissimos quibusdam sit. Earum doloribus quia ipsa fugiat ut.', '', 67, 4, '2022-06-18 09:07:20', '2022-06-18 09:07:20'),
(205, 'Consequuntur asperiores aperiam quisquam autem quia. Ullam qui et est earum iure. Sint vero nam omnis quidem distinctio nihil autem non. Tempora consequatur vel aperiam alias adipisci possimus.', '', 90, 10, '2022-06-18 09:07:20', '2022-06-18 09:07:20'),
(206, 'Perferendis vitae tempore hic asperiores dolorum molestias. Enim est sit culpa facere distinctio.', '', 51, 8, '2022-06-18 09:07:20', '2022-06-18 09:07:20'),
(207, 'Quia consequatur architecto maiores est ipsam. Aut esse nam aut veniam. Ab omnis adipisci rerum numquam est magnam. Quis delectus quos quasi. Possimus et veniam a commodi exercitationem.', '', 27, 4, '2022-06-18 09:07:20', '2022-06-18 09:07:20'),
(208, 'Nihil eos laudantium dolore id mollitia qui nam. Nihil nihil nisi debitis. Dolores voluptate veniam rerum veniam aut.', '', 21, 3, '2022-06-18 09:07:20', '2022-06-18 09:07:20'),
(209, 'Sit corporis mollitia repudiandae qui. Incidunt expedita quia ducimus repellat et quod. Qui eum ratione deleniti necessitatibus.', '', 88, 5, '2022-06-18 09:07:20', '2022-06-18 09:07:20'),
(210, 'Dolor eos molestias quis est. Laborum dolorem amet maiores vero iusto eum. Veritatis maxime molestiae ut ut consequatur placeat.', '', 95, 3, '2022-06-18 09:07:20', '2022-06-18 09:07:20'),
(211, 'Sit modi magni consequatur ullam. Esse velit itaque quia corrupti autem. Et harum odio sed et.', '', 80, 9, '2022-06-18 09:07:20', '2022-06-18 09:07:20'),
(212, 'Non quidem veritatis ut nemo. Itaque tenetur quia non quam ut repudiandae voluptas. Quia eum adipisci recusandae totam eum ad commodi.', '', 65, 5, '2022-06-18 09:07:20', '2022-06-18 09:07:20'),
(213, 'Perspiciatis quos facilis dolores aut. Et vero repudiandae delectus illum ab ipsa. Consequatur fuga sed suscipit dolore. Ad facilis libero sit facilis porro sed.', '', 70, 4, '2022-06-18 09:07:20', '2022-06-18 09:07:20'),
(214, 'Assumenda voluptas cum dolorem mollitia sed impedit voluptatem. Vero qui aut enim quia.', '', 43, 2, '2022-06-18 09:07:20', '2022-06-18 09:07:20'),
(215, 'Rem dolorem consequatur ex ex sed dolores ipsa sed. Reiciendis voluptatem dolorum necessitatibus nam laboriosam. Consectetur aut dolore fugiat cumque praesentium reprehenderit.', '', 93, 5, '2022-06-18 09:07:20', '2022-06-18 09:07:20'),
(216, 'Reiciendis dignissimos impedit magni et quas ea alias. Temporibus autem itaque ex est id omnis dolores porro. Aut quia labore alias optio non.', '', 41, 8, '2022-06-18 09:07:20', '2022-06-18 09:07:20'),
(217, 'In deserunt quas facilis consequatur eligendi sed. Qui repellendus expedita culpa laborum est possimus ullam architecto. Molestiae saepe ducimus laudantium saepe id ut. Sint rerum dicta repudiandae beatae sunt dolore dolores quidem.', '', 16, 5, '2022-06-18 09:07:20', '2022-06-18 09:07:20'),
(218, 'Sequi similique atque quia tempore quod ut. Esse est quia hic. Aspernatur aut necessitatibus nisi neque reprehenderit perferendis et. Rerum et odit soluta id.', '', 83, 6, '2022-06-18 09:07:20', '2022-06-18 09:07:20'),
(219, 'Tempore voluptatibus explicabo ipsum nihil exercitationem. Dolorum voluptas blanditiis exercitationem qui.', '', 53, 3, '2022-06-18 09:07:20', '2022-06-18 09:07:20'),
(220, 'Voluptatem temporibus est maxime labore deleniti est quasi. Autem ut ab voluptates aut. Porro ea culpa quia suscipit. Nesciunt et qui necessitatibus reiciendis tempore explicabo est.', '', 86, 6, '2022-06-18 09:07:20', '2022-06-18 09:07:20'),
(221, 'Optio expedita sed maiores architecto. Deserunt sequi unde et architecto voluptas eveniet dignissimos. Perspiciatis dolores voluptatem ipsum et. Est consequatur modi vel quos.', '', 25, 4, '2022-06-18 09:07:20', '2022-06-18 09:07:20'),
(222, 'Quisquam officia quam repellendus consequatur eos quo laboriosam. Omnis minus in architecto facere. Dolores voluptatem possimus pariatur nihil dolor voluptatem nihil. Perspiciatis sit non quasi ea et. Quae tempora a est non.', '', 85, 6, '2022-06-18 09:07:20', '2022-06-18 09:07:20'),
(223, 'Aut incidunt sed sed sit error. Rerum quibusdam eos et maiores iste ut libero. Quaerat vel ipsa ullam.', '', 56, 10, '2022-06-18 09:07:20', '2022-06-18 09:07:20');
INSERT INTO `comments` (`id`, `content`, `title`, `post_id`, `user_id`, `created_at`, `updated_at`) VALUES
(224, 'Hic repellat ad reiciendis aut reprehenderit enim. Voluptas vel autem voluptates veniam. Voluptatem libero facilis corrupti. Laboriosam et ea recusandae porro cupiditate ullam.', '', 77, 7, '2022-06-18 09:07:20', '2022-06-18 09:07:20'),
(225, 'Blanditiis eligendi voluptas provident vel voluptatibus numquam et. Repellendus et nulla non aut. Eligendi repellat beatae aliquam repellat necessitatibus tenetur facere.', '', 84, 9, '2022-06-18 09:07:20', '2022-06-18 09:07:20'),
(226, 'Est adipisci est alias voluptas et placeat minima voluptates. Quia qui ab repellendus qui recusandae. Illum repudiandae rerum quia natus est.', '', 74, 7, '2022-06-18 09:07:20', '2022-06-18 09:07:20'),
(227, 'Sit facere veritatis eum inventore quis dolorem dolor. Temporibus beatae sit libero sed. Et explicabo adipisci minima aut. Facilis suscipit distinctio similique ea.', '', 17, 10, '2022-06-18 09:07:20', '2022-06-18 09:07:20'),
(228, 'Veritatis optio voluptatem ut libero molestiae officiis ipsa. Consequatur nesciunt est blanditiis cumque maiores iure qui. Quae voluptatem sit fugiat et. Maxime sit maiores recusandae.', '', 7, 5, '2022-06-18 09:07:20', '2022-06-18 09:07:20'),
(229, 'Voluptatum cupiditate autem dolorem fugiat. Eum unde illo et placeat harum dolorem illum officiis. Officiis animi necessitatibus asperiores.', '', 99, 3, '2022-06-18 09:07:20', '2022-06-18 09:07:20'),
(230, 'Corporis quaerat et autem sapiente ratione aliquid voluptatibus. Et et ea exercitationem repudiandae quia. Eum maxime labore ratione veniam rerum molestiae.', '', 72, 4, '2022-06-18 09:07:20', '2022-06-18 09:07:20'),
(231, 'Et quod et impedit corrupti iure ducimus. Soluta magnam consequatur id aliquid vitae soluta et. Labore assumenda error enim recusandae. Sint quod distinctio animi enim.', '', 19, 6, '2022-06-18 09:07:20', '2022-06-18 09:07:20'),
(232, 'Minus est non temporibus veritatis dolores maiores. Molestiae sit aut ut debitis autem. Velit illum sequi velit et.', '', 24, 8, '2022-06-18 09:07:20', '2022-06-18 09:07:20'),
(233, 'Dolorum autem nisi exercitationem itaque pariatur. In fuga ut eos earum animi cupiditate. Quibusdam quia numquam aut veritatis aut.', '', 63, 9, '2022-06-18 09:07:20', '2022-06-18 09:07:20'),
(234, 'Dolor a voluptatem quia ducimus nihil. Omnis distinctio quasi vel quibusdam error iste beatae. Ex cumque nobis dolor voluptas est. Voluptas iusto doloribus et iste quo deleniti.', '', 98, 4, '2022-06-18 09:07:20', '2022-06-18 09:07:20'),
(235, 'Officia facere quibusdam earum pariatur. Ut perspiciatis earum incidunt non. Repellat illo sequi possimus earum dolore est. Autem ipsam cumque aspernatur est.', '', 67, 2, '2022-06-18 09:07:20', '2022-06-18 09:07:20'),
(236, 'Blanditiis sunt expedita eius enim perferendis. Qui molestias quas atque veritatis quia. Sint magnam quibusdam accusantium laudantium sapiente nisi aliquid. Veniam et accusamus dolorum.', '', 44, 10, '2022-06-18 09:07:20', '2022-06-18 09:07:20'),
(237, 'Accusamus quam perspiciatis autem labore odio molestiae. Ut ipsa est tempore odio. Magni qui quidem odio illo. Rerum alias recusandae voluptatibus illum.', '', 20, 10, '2022-06-18 09:07:20', '2022-06-18 09:07:20'),
(238, 'Aperiam ut et sit quasi numquam laboriosam ea. Ea numquam pariatur rerum ducimus rerum aut. Enim quis rerum qui incidunt.', '', 45, 10, '2022-06-18 09:07:20', '2022-06-18 09:07:20'),
(239, 'Rerum laboriosam voluptas quae. Expedita adipisci reiciendis accusantium fugiat aut hic. Ex laudantium facere natus quos incidunt. Possimus nobis dolores vitae et ut. Laudantium maxime sunt perferendis laborum nobis.', '', 72, 8, '2022-06-18 09:07:20', '2022-06-18 09:07:20'),
(240, 'Harum et et sed qui. Est mollitia quasi eveniet et est quis. Necessitatibus eum sequi itaque et incidunt delectus vitae. Ut molestiae nobis aut autem.', '', 25, 9, '2022-06-18 09:07:20', '2022-06-18 09:07:20'),
(241, 'Et veniam doloribus magnam ut assumenda. Qui voluptatibus nesciunt officiis aut. Possimus provident illo quae veniam numquam deserunt. Fugit voluptas aliquam dolorum quae inventore accusantium qui. Ab culpa vel perferendis eos et ut quas aut.', '', 61, 9, '2022-06-18 09:07:20', '2022-06-18 09:07:20'),
(242, 'Voluptatem consequatur ut repellendus occaecati quos dolorem odit doloremque. Architecto odio non sunt nihil. Incidunt occaecati saepe ad provident tenetur. Placeat beatae error dolores autem eos sunt quisquam.', '', 69, 8, '2022-06-18 09:07:20', '2022-06-18 09:07:20'),
(243, 'Aliquid iste qui repellendus. Quasi necessitatibus quisquam velit quidem nihil occaecati. Ut nobis vero voluptatem.', '', 86, 3, '2022-06-18 09:07:20', '2022-06-18 09:07:20'),
(244, 'Animi unde eum alias ullam aliquid dolore ipsam error. Non laudantium et enim ea. Labore nisi eaque saepe ab. Voluptatem ducimus ut ex at. Rerum illum ipsam debitis est laboriosam.', '', 83, 5, '2022-06-18 09:07:20', '2022-06-18 09:07:20'),
(245, 'Ipsam recusandae minus sed enim incidunt. Aliquid porro veritatis aliquam quia explicabo. Nobis amet temporibus similique sed placeat ea excepturi. Vel harum qui illum consectetur.', '', 40, 10, '2022-06-18 09:07:20', '2022-06-18 09:07:20'),
(246, 'Ea doloribus consequatur aut deleniti. Porro qui autem voluptas accusantium earum voluptas. Voluptas natus totam enim. Nesciunt id tempora quasi quidem omnis repellendus.', '', 43, 8, '2022-06-18 09:07:20', '2022-06-18 09:07:20'),
(247, 'Quasi assumenda ut labore et corrupti debitis. Magnam et voluptatibus voluptatem. Velit aperiam quia dolores. Dolore illo tempora beatae atque dignissimos odio corrupti.', '', 81, 4, '2022-06-18 09:07:20', '2022-06-18 09:07:20'),
(248, 'Beatae omnis ratione ut ea eum. Et et aut ad voluptates blanditiis est incidunt. Repellendus illo commodi sunt.', '', 32, 8, '2022-06-18 09:07:20', '2022-06-18 09:07:20'),
(249, 'Quo corporis optio cum quibusdam molestiae. Est laborum tempore reprehenderit et. Pariatur a doloribus et ex eveniet.', '', 83, 8, '2022-06-18 09:07:20', '2022-06-18 09:07:20'),
(250, 'Quos laborum hic consectetur sed repellendus et incidunt. Vel aut dolor consequuntur dicta odio pariatur sit. Et id ut et aliquid aspernatur impedit.', '', 12, 10, '2022-06-18 09:07:20', '2022-06-18 09:07:20'),
(251, 'Pariatur et aspernatur veritatis quos qui porro atque. Eligendi aut nihil at sed. Et doloremque possimus voluptatum corrupti ex qui qui. Nihil aut animi est amet nam.', '', 35, 6, '2022-06-18 09:07:20', '2022-06-18 09:07:20'),
(252, 'Consequatur ut dignissimos vel soluta. Iusto qui debitis sunt deleniti in dignissimos dolores. Et laborum officia sed et quod quae ex.', '', 95, 5, '2022-06-18 09:07:20', '2022-06-18 09:07:20'),
(253, 'Excepturi dicta tempore est nisi dolor et qui. Non a distinctio voluptate exercitationem eius. Est incidunt porro vel accusantium animi tempora consequatur. Aliquid dolore doloribus vel aspernatur.', '', 31, 10, '2022-06-18 09:07:20', '2022-06-18 09:07:20'),
(254, 'Nihil enim rem eum voluptatem excepturi repudiandae quaerat. Aut culpa aut repudiandae mollitia ut ut sed. Voluptas dignissimos officiis suscipit blanditiis est quidem aut.', '', 59, 8, '2022-06-18 09:07:20', '2022-06-18 09:07:20'),
(255, 'Modi quibusdam cum id ut ipsam quia et. Facilis dolores ut autem quod ea autem odio. Tempora eum voluptatem laboriosam consequatur ex tempore.', '', 87, 6, '2022-06-18 09:07:20', '2022-06-18 09:07:20'),
(256, 'Iure expedita ipsam incidunt alias. Facilis magni distinctio dolorem deserunt ea et.', '', 51, 6, '2022-06-18 09:07:20', '2022-06-18 09:07:20'),
(257, 'Architecto quod corrupti sit culpa doloremque dolore. Alias ratione est quasi. Error quia ducimus ut dolorem quisquam repellendus id delectus.', '', 94, 8, '2022-06-18 09:07:20', '2022-06-18 09:07:20'),
(258, 'Neque autem et porro sit. Fugiat aut et fuga ut ullam est nihil consequatur. Architecto beatae deleniti aliquid. Vel magnam ullam est iusto voluptas eos natus ut.', '', 100, 6, '2022-06-18 09:07:20', '2022-06-18 09:07:20'),
(259, 'Dolores est voluptatem nobis. Numquam nostrum aut reprehenderit pariatur autem occaecati. Provident facilis facere minima voluptas nulla nesciunt.', '', 83, 5, '2022-06-18 09:07:20', '2022-06-18 09:07:20'),
(260, 'Nesciunt laborum fugit excepturi aut ducimus excepturi consequuntur. Est laboriosam officia ea fugit et provident exercitationem. Iste est in id iusto.', '', 19, 4, '2022-06-18 09:07:20', '2022-06-18 09:07:20'),
(261, 'Commodi voluptas velit magni temporibus adipisci hic. Est distinctio inventore optio eos. Sunt est possimus officia at officia aut eaque. Et temporibus deleniti dolorem beatae saepe sint quasi provident.', '', 62, 9, '2022-06-18 09:07:20', '2022-06-18 09:07:20'),
(262, 'Ipsum animi consequatur dolor est. Minus odit maiores et voluptas et omnis dolor officiis. Sed impedit exercitationem corporis aut molestiae ipsam dolorem.', '', 23, 6, '2022-06-18 09:07:20', '2022-06-18 09:07:20'),
(263, 'Quia doloremque quis qui quo sunt omnis. Maxime officia minus sit saepe sed est soluta. Omnis vel ut et culpa in odio.', '', 95, 10, '2022-06-18 09:07:20', '2022-06-18 09:07:20'),
(264, 'Vel doloremque sunt voluptatem esse consequuntur possimus molestias. Qui quae et incidunt non autem fugit omnis hic.', '', 28, 5, '2022-06-18 09:07:20', '2022-06-18 09:07:20'),
(265, 'Voluptatem excepturi dolores sed vel inventore et saepe. Quod velit nostrum quod. Quisquam quae distinctio et est.', '', 93, 3, '2022-06-18 09:07:20', '2022-06-18 09:07:20'),
(266, 'Voluptas voluptatem recusandae in in perferendis eos vel. Dolorum ducimus enim voluptatem ut non maxime. Distinctio impedit eum dolorem dolorum.', '', 44, 4, '2022-06-18 09:07:20', '2022-06-18 09:07:20'),
(267, 'Pariatur delectus eveniet eum asperiores magni eos. Ipsum est sunt repellendus ut quam quis dolorem eaque.', '', 86, 4, '2022-06-18 09:07:20', '2022-06-18 09:07:20'),
(268, 'Voluptate eos repellendus sint voluptate quasi. Deleniti consectetur cupiditate reprehenderit id nisi qui rerum. Voluptatem ipsum reiciendis deserunt aut et esse.', '', 29, 5, '2022-06-18 09:07:20', '2022-06-18 09:07:20'),
(269, 'Ducimus dolorem aut suscipit magnam modi numquam reiciendis iure. Magnam accusamus quis ea voluptatem. Doloremque nam vitae consectetur laboriosam iure autem ut. Consequatur quo eius consectetur ab officia.', '', 40, 10, '2022-06-18 09:07:20', '2022-06-18 09:07:20'),
(270, 'Provident ad nostrum harum ea. Excepturi facilis quis non unde in temporibus voluptas. Facilis impedit doloribus non nesciunt ipsa ipsum beatae. Sunt illum recusandae dolores et nisi quam corporis.', '', 42, 7, '2022-06-18 09:07:20', '2022-06-18 09:07:20'),
(271, 'Ducimus quisquam veritatis dolor enim pariatur tenetur. Expedita quia quia harum cum explicabo.', '', 54, 7, '2022-06-18 09:07:20', '2022-06-18 09:07:20'),
(272, 'Ipsam consequatur animi beatae similique quia. Unde quaerat ea esse quo. Ab consectetur sit nostrum molestias quidem deleniti non.', '', 51, 10, '2022-06-18 09:07:20', '2022-06-18 09:07:20'),
(273, 'Consequuntur dolores et sed. Non sed eum exercitationem sed ipsum fugit fugiat. Aliquam possimus quae temporibus odit dolores.', '', 89, 7, '2022-06-18 09:07:20', '2022-06-18 09:07:20'),
(274, 'Rerum omnis iste quo. Sed fugiat molestias sit occaecati. Reiciendis incidunt id laborum dignissimos quasi. Incidunt repellendus officia ipsam sit eos.', '', 68, 6, '2022-06-18 09:07:20', '2022-06-18 09:07:20'),
(275, 'Non incidunt incidunt et quo. Assumenda recusandae distinctio facere vero adipisci quia delectus.', '', 13, 4, '2022-06-18 09:07:20', '2022-06-18 09:07:20'),
(276, 'Culpa rerum tempore perferendis placeat dolores. Doloremque nulla assumenda qui velit est saepe magni omnis. Perspiciatis inventore sequi dicta ab iste.', '', 17, 2, '2022-06-18 09:07:20', '2022-06-18 09:07:20'),
(277, 'Assumenda voluptatem sit quia voluptatem et dolores quibusdam. Sequi facere veniam enim consectetur. Numquam nulla velit atque atque nam.', '', 77, 10, '2022-06-18 09:07:20', '2022-06-18 09:07:20'),
(278, 'Dolorem quis sed dolores officiis dolores odit omnis. Provident et cum qui. Ut neque ea blanditiis ut omnis culpa ex. Eaque tempora nihil quaerat quas architecto tempora cumque.', '', 59, 5, '2022-06-18 09:07:20', '2022-06-18 09:07:20'),
(279, 'Accusamus iusto aliquid sequi excepturi. Maxime cupiditate magnam quis fugiat. Aperiam quia ea fugiat quaerat.', '', 10, 6, '2022-06-18 09:07:20', '2022-06-18 09:07:20'),
(280, 'Eos qui totam pariatur inventore et voluptatem. Saepe ipsam fugit est debitis corporis ut ipsam. Dolorem autem quae necessitatibus quo et dolor facilis. Animi quos minima earum tenetur enim sit iure.', '', 93, 10, '2022-06-18 09:07:20', '2022-06-18 09:07:20'),
(281, 'Rerum aspernatur commodi autem nihil sed perspiciatis. Quis qui nam non rerum possimus. Aut laboriosam fugiat quod nisi sint.', '', 40, 7, '2022-06-18 09:07:20', '2022-06-18 09:07:20'),
(282, 'Sapiente laboriosam doloremque perferendis dolor ipsum voluptas totam. Et consequuntur ut placeat est quidem sit. Ea numquam aut sapiente eveniet optio aut quia. Et ut iusto sed perferendis quia repellendus.', '', 6, 5, '2022-06-18 09:07:20', '2022-06-18 09:07:20'),
(283, 'Est cumque quia quia et et dolorum esse. Suscipit expedita et sed quod provident a porro. Aperiam non labore sint autem. Vel et hic dignissimos nesciunt perferendis.', '', 53, 10, '2022-06-18 09:07:20', '2022-06-18 09:07:20'),
(284, 'Accusantium magni quasi dolorem nostrum voluptatem quia. Ipsum quia dolor autem tempora temporibus amet maiores. Itaque sequi exercitationem perspiciatis ut porro. Rerum ab iusto corrupti iure dolorem architecto. Dolores hic aut unde soluta qui.', '', 76, 9, '2022-06-18 09:07:20', '2022-06-18 09:07:20'),
(285, 'Quod enim consequatur culpa voluptas debitis aliquid. In dolor quia dignissimos eos quas officia rem. Est tenetur accusantium exercitationem perspiciatis quia modi.', '', 28, 10, '2022-06-18 09:07:20', '2022-06-18 09:07:20'),
(286, 'Eum non fugit illo vel neque. Provident aut facilis maiores tempore sed repudiandae quis quae. Quas quia quaerat explicabo inventore voluptatum amet.', '', 69, 9, '2022-06-18 09:07:20', '2022-06-18 09:07:20'),
(287, 'Itaque rerum molestiae aut pariatur perferendis. Ex quos culpa neque et vitae. Eius qui aliquid hic amet et unde. Reiciendis veritatis voluptate eum aut sit asperiores dolorem iste.', '', 77, 3, '2022-06-18 09:07:20', '2022-06-18 09:07:20'),
(288, 'Qui repudiandae eos enim et sunt est unde. Et architecto quisquam esse consectetur. Eum in impedit distinctio.', '', 53, 9, '2022-06-18 09:07:20', '2022-06-18 09:07:20'),
(289, 'Id ipsa et dignissimos ea repudiandae. Pariatur eligendi quae aspernatur saepe facere quos quia. Asperiores incidunt sed harum autem repudiandae est quia sint. Molestias quos natus maiores dolore expedita eos.', '', 16, 9, '2022-06-18 09:07:20', '2022-06-18 09:07:20'),
(290, 'Fugiat et voluptatem occaecati distinctio qui quam. Quia nesciunt corrupti sequi autem. Id sapiente dolores ducimus laudantium voluptatum est.', '', 73, 9, '2022-06-18 09:07:20', '2022-06-18 09:07:20'),
(291, 'Quaerat aperiam quia accusantium inventore commodi. Quam necessitatibus minima facilis earum quidem. Repellendus maiores quas qui animi atque est eveniet. Et ut architecto dignissimos amet.', '', 88, 7, '2022-06-18 09:07:20', '2022-06-18 09:07:20'),
(292, 'Rerum molestiae voluptatem molestiae et. Ut molestiae a est quia numquam vel assumenda. Et cumque fuga repellat. Porro rerum illo magni vel maxime.', '', 40, 3, '2022-06-18 09:07:20', '2022-06-18 09:07:20'),
(293, 'Reprehenderit eius quia non eius nihil vel quis. Necessitatibus pariatur velit ea maxime voluptas. Et maiores sapiente et ut quia.', '', 89, 6, '2022-06-18 09:07:20', '2022-06-18 09:07:20'),
(294, 'Doloribus quae amet placeat ut nam. Voluptatem non est consectetur et asperiores corrupti aut sint. Ut et aut soluta dolorum dignissimos recusandae. Rerum tempore fugit voluptatem voluptas odio ipsam.', '', 91, 7, '2022-06-18 09:07:20', '2022-06-18 09:07:20'),
(295, 'Eaque nemo nesciunt consequatur exercitationem itaque iure quod sit. Ut error nesciunt et sunt aperiam libero possimus. Eaque quis consequatur eum dignissimos in repudiandae magni.', '', 66, 4, '2022-06-18 09:07:20', '2022-06-18 09:07:20'),
(296, 'Architecto autem incidunt cupiditate quia ex officiis et. Cum beatae quos voluptatem commodi iusto. Alias sunt rerum nulla saepe voluptatum pariatur velit. Sed doloribus praesentium repellat qui aliquam.', '', 41, 6, '2022-06-18 09:07:20', '2022-06-18 09:07:20'),
(297, 'Neque sit ut qui aut adipisci. Occaecati tenetur sit minus perspiciatis nam dolor. Aut deleniti hic odit ad quam ipsam et rem.', '', 37, 7, '2022-06-18 09:07:20', '2022-06-18 09:07:20'),
(298, 'Labore aut necessitatibus voluptates accusamus assumenda. Hic in quisquam consequatur saepe numquam vel quia. Nemo sunt aut cum aperiam ipsam eveniet.', '', 38, 6, '2022-06-18 09:07:20', '2022-06-18 09:07:20'),
(299, 'Aut autem ut rerum minus alias aut. Maiores sit harum et voluptatibus. Blanditiis et rerum fugit vitae dolorem voluptatibus.', '', 33, 1, '2022-06-18 09:07:20', '2022-06-18 09:07:20'),
(300, 'Quis nulla earum quo. Id corporis porro ad iusto et. Autem accusantium incidunt aperiam perferendis.', '', 28, 10, '2022-06-18 09:07:20', '2022-06-18 09:07:20'),
(301, 'Aut dolorem assumenda consequatur culpa. Similique libero sed facilis voluptas quo inventore impedit. Voluptatem explicabo voluptatibus deleniti tempora est quo. Mollitia placeat sed dolores aspernatur cumque minus magnam.', '', 83, 10, '2022-06-18 09:07:20', '2022-06-18 09:07:20'),
(302, 'Dolor ut eum provident enim minima omnis. Delectus harum id consequatur explicabo esse. Qui aut repellendus delectus consequatur pariatur.', '', 48, 10, '2022-06-18 09:07:20', '2022-06-18 09:07:20'),
(303, 'Quod id dolorem beatae ipsa. Distinctio ab enim qui esse dolorem. Error voluptatem ut nisi ut corporis sit est. Ea omnis libero nostrum qui officia rem quos animi.', '', 73, 7, '2022-06-18 09:07:20', '2022-06-18 09:07:20'),
(304, 'Doloremque esse dolor sunt odit blanditiis. Id dignissimos omnis debitis sint. Id voluptatem consectetur porro quisquam.', '', 60, 10, '2022-06-18 09:07:20', '2022-06-18 09:07:20'),
(305, 'Voluptatem accusantium et est est. Velit asperiores qui veniam eos earum sequi. Rem autem voluptas in repellat officiis aut consequatur. Fugit facere fuga dolore animi.', '', 97, 8, '2022-06-18 09:07:20', '2022-06-18 09:07:20'),
(306, 'Qui magnam placeat commodi et debitis autem. Expedita in et non sunt atque. Labore quia ut et aperiam soluta eligendi tempora consequatur. Voluptas sint et ut provident aut minima.', '', 68, 4, '2022-06-18 09:07:20', '2022-06-18 09:07:20'),
(307, 'Hic qui illo provident est sapiente. Et iusto odio explicabo ipsam. Incidunt placeat harum laboriosam ea rem ea eum odio.', '', 76, 3, '2022-06-18 09:07:20', '2022-06-18 09:07:20'),
(308, 'Ut totam omnis deleniti aut sed dolorem. Maxime rerum reprehenderit non sit error. Blanditiis et aliquam id blanditiis sit sint. Ducimus voluptas et voluptatem.', '', 98, 8, '2022-06-18 09:07:20', '2022-06-18 09:07:20'),
(309, 'Explicabo provident beatae quam dolor esse quo. Est aliquid quia enim voluptas. Accusamus expedita nobis esse et illum.', '', 69, 7, '2022-06-18 09:07:20', '2022-06-18 09:07:20'),
(310, 'Culpa voluptate quasi sunt ab. Voluptates et non esse minima occaecati maiores. Adipisci quis sequi eveniet non natus quidem maxime.', '', 18, 5, '2022-06-18 09:07:20', '2022-06-18 09:07:20'),
(311, 'Pariatur tempora quasi dolores praesentium. In ipsum eveniet id quia. Sit expedita ut velit quo rem. Magnam illo modi et quia. Nulla et expedita sit voluptates inventore eveniet ullam.', '', 47, 1, '2022-06-18 09:07:20', '2022-06-18 09:07:20'),
(312, 'Nobis culpa et fugit. Sapiente rerum ipsa ad facere. Recusandae ducimus unde cum voluptatum. Et sunt cupiditate laboriosam nulla laboriosam asperiores.', '', 39, 9, '2022-06-18 09:07:20', '2022-06-18 09:07:20'),
(313, 'Hic culpa odio fugiat sed nulla fugiat laborum et. Excepturi dolores qui enim odio. Tempora laudantium amet autem ullam nesciunt labore.', '', 58, 10, '2022-06-18 09:07:20', '2022-06-18 09:07:20'),
(314, 'Dolorem et blanditiis est rem odit. Sed maxime tempore odio autem quasi suscipit quisquam. Laudantium atque delectus magnam est atque numquam sit aut.', '', 70, 7, '2022-06-18 09:07:20', '2022-06-18 09:07:20'),
(315, 'Maiores saepe voluptates explicabo blanditiis. Labore vel similique rerum optio id. Laboriosam necessitatibus vel sit beatae ratione dolores sequi accusamus.', '', 87, 9, '2022-06-18 09:07:20', '2022-06-18 09:07:20'),
(316, 'Maxime cupiditate aut sint consectetur qui est. Ex eligendi ipsa animi sed. Incidunt aut consectetur eos aliquam voluptas repellat. Dolores officiis est atque.', '', 87, 2, '2022-06-18 09:07:20', '2022-06-18 09:07:20'),
(317, 'Aliquid voluptas reprehenderit corporis et quaerat ut. Dolorum quibusdam fugit nisi enim. Quam unde dolores molestias nobis aperiam.', '', 81, 7, '2022-06-18 09:07:20', '2022-06-18 09:07:20'),
(318, 'Commodi blanditiis et omnis inventore et doloremque. Veniam quasi rerum blanditiis. Architecto dolorum earum accusantium delectus veniam.', '', 16, 7, '2022-06-18 09:07:20', '2022-06-18 09:07:20'),
(319, 'Voluptas suscipit sint culpa eum. Labore voluptas aliquid minus veniam in qui aut. Sit debitis sapiente aut illum autem ea itaque. Minima iusto earum eum et facere quia.', '', 62, 7, '2022-06-18 09:07:20', '2022-06-18 09:07:20'),
(320, 'Non omnis accusamus dolorem. Dignissimos maxime aut deserunt. Placeat quaerat delectus magni autem.', '', 98, 4, '2022-06-18 09:07:20', '2022-06-18 09:07:20'),
(321, 'Voluptas alias aperiam corporis quam illo aut quae. Temporibus tempore accusamus aut quia. Molestias nihil reiciendis officiis maiores et.', '', 78, 7, '2022-06-18 09:07:20', '2022-06-18 09:07:20'),
(322, 'Quia ducimus quos et sint. Inventore aut quis saepe. Quia porro itaque omnis cumque non. Corporis aspernatur ratione consequuntur ex.', '', 75, 2, '2022-06-18 09:07:20', '2022-06-18 09:07:20'),
(323, 'Id dolore ducimus quos maxime sit. Dolor quo placeat recusandae rerum.', '', 92, 5, '2022-06-18 09:07:20', '2022-06-18 09:07:20'),
(324, 'Eligendi iure rerum eaque quia sapiente nesciunt. Quam voluptatem facere totam porro. Ipsa ratione et dignissimos laborum necessitatibus deleniti. Velit omnis et ducimus.', '', 50, 10, '2022-06-18 09:07:20', '2022-06-18 09:07:20'),
(325, 'Assumenda nostrum rerum ad odio iusto ea impedit. Enim nobis est cupiditate maxime eligendi dolor. Accusamus sit sed corporis architecto optio. Quia alias reprehenderit ut magnam minima inventore vel et. Aut voluptas eaque consequuntur voluptas distinctio facere quis quos.', '', 75, 10, '2022-06-18 09:07:20', '2022-06-18 09:07:20'),
(326, 'Neque atque tempore est. Alias sit est eum assumenda et eum officiis. Nulla perspiciatis aut aut fuga voluptatem recusandae est ea.', '', 81, 8, '2022-06-18 09:07:20', '2022-06-18 09:07:20'),
(327, 'Aut adipisci magnam tempore vero. Ut dolor ipsa sunt possimus voluptate. Odio et et sequi harum tempora.', '', 22, 7, '2022-06-18 09:07:20', '2022-06-18 09:07:20'),
(328, 'Et officia error omnis nesciunt laboriosam accusantium possimus. Ex quia amet quis praesentium. Velit sunt aperiam recusandae corporis ex. Cupiditate omnis quasi nihil vel quia.', '', 62, 5, '2022-06-18 09:07:20', '2022-06-18 09:07:20'),
(329, 'Adipisci et sit illum maxime facere sed. Consequatur provident non praesentium deserunt ut ea.', '', 32, 3, '2022-06-18 09:07:20', '2022-06-18 09:07:20'),
(330, 'Eum esse sed provident perspiciatis rem magnam. Et dolor similique ut sit necessitatibus sit expedita. Quaerat optio provident perferendis in. Nesciunt sed aut aspernatur sit minus voluptas perferendis iure. Ex nesciunt amet culpa qui.', '', 48, 4, '2022-06-18 09:07:20', '2022-06-18 09:07:20'),
(331, 'Quos et sint repellendus distinctio reprehenderit commodi incidunt. Officiis ea amet quaerat ea deleniti. Consequatur est voluptatum repellat aliquam. Ipsa et sed beatae voluptas dolor qui perspiciatis.', '', 81, 10, '2022-06-18 09:07:20', '2022-06-18 09:07:20'),
(332, 'Perferendis voluptates exercitationem molestiae nesciunt dolor qui saepe. Consequatur aut dolore enim id. Et itaque quam ipsum exercitationem perferendis. Animi ipsum quia a aut itaque culpa.', '', 33, 4, '2022-06-18 09:07:20', '2022-06-18 09:07:20'),
(333, 'Quia fugiat quia corporis dolorem perspiciatis atque nemo. Dolores tenetur labore earum quia. Veniam eum dolores sed reprehenderit earum error nostrum culpa. Facilis tempore nostrum deserunt nulla.', '', 52, 9, '2022-06-18 09:07:20', '2022-06-18 09:07:20'),
(334, 'Et temporibus et corrupti enim. Illo est possimus ab esse pariatur. Recusandae a impedit quidem quo aut quos.', '', 65, 6, '2022-06-18 09:07:20', '2022-06-18 09:07:20'),
(335, 'Repellendus numquam in placeat repellendus rerum aut doloremque. Sunt sint aut voluptatem assumenda et maiores. Ducimus veritatis repellat omnis voluptatem omnis odio placeat.', '', 46, 9, '2022-06-18 09:07:20', '2022-06-18 09:07:20'),
(336, 'Labore debitis dolor sit nihil alias assumenda asperiores. Ipsa ab magnam et eos ducimus quidem. Sint qui temporibus pariatur reiciendis.', '', 28, 8, '2022-06-18 09:07:20', '2022-06-18 09:07:20'),
(337, 'Odit nihil cupiditate rerum. Qui vero quasi dolores et. Est dicta non ut explicabo vitae. Voluptatem aliquid quo voluptas qui temporibus minus cum.', '', 88, 5, '2022-06-18 09:07:20', '2022-06-18 09:07:20'),
(338, 'Ut ut inventore totam quae. Officia aut perspiciatis debitis magnam est fugit reprehenderit qui. Eveniet blanditiis quos repudiandae ducimus libero nulla doloribus. Accusamus est et nihil similique et similique at laudantium.', '', 18, 5, '2022-06-18 09:07:20', '2022-06-18 09:07:20'),
(339, 'Enim perspiciatis et rerum aut quod voluptas. Labore aperiam culpa est natus consequatur omnis. Quo impedit blanditiis eligendi id. Debitis rerum tempore aut quos qui quas voluptatem.', '', 85, 5, '2022-06-18 09:07:20', '2022-06-18 09:07:20'),
(340, 'Rerum dolor temporibus rem optio illum et aperiam voluptates. Eius consectetur aut quidem non. Delectus ut quibusdam deleniti. Sed aliquid itaque saepe eos.', '', 93, 9, '2022-06-18 09:07:20', '2022-06-18 09:07:20'),
(341, 'Et porro ipsum quibusdam. Illum magni odit qui ut deleniti. Et quia ut et at dignissimos nihil dolorum. Quidem dicta dolores sapiente necessitatibus inventore.', '', 66, 8, '2022-06-18 09:07:20', '2022-06-18 09:07:20'),
(342, 'Quo facere quia at. Odit magni incidunt in ex officia. Quaerat libero dolorem occaecati. Consectetur eveniet id temporibus nostrum. Nobis laboriosam sequi molestias quia accusantium vitae.', '', 78, 3, '2022-06-18 09:07:20', '2022-06-18 09:07:20'),
(343, 'Inventore ipsam ab recusandae aut. Sunt deserunt omnis totam facilis optio. Omnis omnis quis amet aspernatur distinctio odio debitis. Soluta dolorem et ut repudiandae eius repellendus illo.', '', 24, 4, '2022-06-18 09:07:20', '2022-06-18 09:07:20'),
(344, 'Quia inventore velit sunt laudantium. Nihil non eligendi necessitatibus placeat rerum est. Quo iusto labore consectetur architecto quos mollitia sint.', '', 89, 5, '2022-06-18 09:07:20', '2022-06-18 09:07:20'),
(345, 'Est esse quisquam quas sit quia. Et velit ullam ab labore accusamus laborum unde. At ullam enim magni eos laborum et quia eligendi.', '', 61, 10, '2022-06-18 09:07:20', '2022-06-18 09:07:20'),
(346, 'Nihil ad a nihil iste. Sit et quas ducimus impedit facilis. Facere consequatur non quibusdam quas aperiam. Ut ut voluptas corporis quis est.', '', 81, 6, '2022-06-18 09:07:20', '2022-06-18 09:07:20'),
(347, 'Odio earum molestias nesciunt consectetur nesciunt aut deleniti error. Error perferendis temporibus dolorem voluptas sed. Itaque illum quia aliquid vitae possimus.', '', 17, 3, '2022-06-18 09:07:20', '2022-06-18 09:07:20'),
(348, 'Et voluptatem harum molestiae. Est itaque ea quod sit voluptates non magnam. Enim culpa voluptatem reprehenderit ut.', '', 5, 8, '2022-06-18 09:07:20', '2022-06-18 09:07:20'),
(349, 'Molestiae corrupti quam consequatur laudantium ut adipisci. Est doloribus exercitationem accusantium quidem. Rerum vel quas ad praesentium aspernatur. Nesciunt autem consectetur culpa est libero soluta vel. Similique corrupti nobis nobis reprehenderit magni officia tempore.', '', 86, 4, '2022-06-18 09:07:20', '2022-06-18 09:07:20'),
(350, 'Sit porro similique in eligendi esse ab. Culpa qui eaque fuga ea sequi assumenda. Quam odit dolore accusamus pariatur. Illo minus quod repudiandae et sint in.', '', 81, 4, '2022-06-18 09:07:20', '2022-06-18 09:07:20'),
(351, 'Voluptas reiciendis dolorem officiis. Earum non porro accusamus odio ut est et. Qui hic qui dolorem dolorum et sequi. Beatae excepturi ad odit quae animi illum vero.', '', 81, 2, '2022-06-18 09:07:20', '2022-06-18 09:07:20'),
(352, 'Magni eum rerum esse harum voluptates et. Et non nulla ut nisi. Velit deleniti nostrum aliquam id.', '', 31, 8, '2022-06-18 09:07:20', '2022-06-18 09:07:20'),
(353, 'Earum optio corrupti voluptatem qui non autem quaerat. Quam animi aliquid ut exercitationem nostrum voluptas. Possimus iste id praesentium. Omnis est est aut voluptatem fugit quia porro.', '', 70, 5, '2022-06-18 09:07:20', '2022-06-18 09:07:20'),
(354, 'Iusto rerum est unde quia autem minima blanditiis. Ut veniam tempore qui id. Dolores error dignissimos exercitationem non.', '', 79, 10, '2022-06-18 09:07:20', '2022-06-18 09:07:20'),
(355, 'Accusamus autem culpa et nemo architecto. Qui itaque soluta officia perspiciatis. Dolorem nulla id in quo nostrum impedit explicabo. Et doloribus fuga veritatis.', '', 51, 7, '2022-06-18 09:07:20', '2022-06-18 09:07:20'),
(356, 'Est eum asperiores fugit molestias rem sed animi. Atque exercitationem voluptates recusandae consequatur voluptas. Quia esse aspernatur eaque et assumenda id quis. Harum facilis omnis corporis.', '', 57, 10, '2022-06-18 09:07:20', '2022-06-18 09:07:20'),
(357, 'Magni in ut qui dolor. Distinctio voluptate non sit quo doloribus. Sint facere laboriosam illum ut quae accusamus ut.', '', 54, 3, '2022-06-18 09:07:20', '2022-06-18 09:07:20'),
(358, 'Quam recusandae iste sint dolores ab unde. Facilis optio explicabo optio id error qui. Consequatur enim quam magnam quo molestiae dolor.', '', 29, 9, '2022-06-18 09:07:20', '2022-06-18 09:07:20'),
(359, 'Non aut magnam eos fugiat ut aut. Et rerum cupiditate hic magnam et facilis dolorem. Ea accusamus laborum rerum dicta.', '', 70, 5, '2022-06-18 09:07:20', '2022-06-18 09:07:20'),
(360, 'Incidunt vel harum in. Sequi odit aut ut. Corrupti beatae ut doloremque soluta. Recusandae vitae iste delectus voluptatem.', '', 59, 10, '2022-06-18 09:07:20', '2022-06-18 09:07:20'),
(361, 'Explicabo occaecati facere dolores aut. Reiciendis non et perferendis et voluptatem quidem. Dolorem culpa sit et aliquid eum distinctio sint. Sit impedit occaecati et ut non officiis est.', '', 21, 5, '2022-06-18 09:07:20', '2022-06-18 09:07:20'),
(362, 'Cumque non laboriosam inventore consequuntur quos quo. Tempora pariatur dolore dolorem vel qui. Impedit voluptas corrupti et ipsum harum occaecati similique. Mollitia similique est sunt.', '', 74, 7, '2022-06-18 09:07:20', '2022-06-18 09:07:20'),
(363, 'Optio mollitia totam possimus et non minus cumque. Consequatur et sint soluta totam perferendis est distinctio. Voluptate maxime autem assumenda quibusdam aut.', '', 63, 10, '2022-06-18 09:07:20', '2022-06-18 09:07:20'),
(364, 'Dolorum id consequatur vel harum. Porro animi ipsam quibusdam natus. Minus deserunt neque quia repudiandae vero. Blanditiis fuga labore ducimus.', '', 75, 2, '2022-06-18 09:07:20', '2022-06-18 09:07:20'),
(365, 'Ut facere sed voluptatem sint est est cupiditate. Autem odio voluptatem officiis quia dolorum. Eius est esse voluptatibus possimus non hic.', '', 51, 6, '2022-06-18 09:07:20', '2022-06-18 09:07:20'),
(366, 'Fuga est est accusamus eos nihil dicta harum. Quibusdam eius consectetur velit nemo neque et natus. Dolorum doloremque repellendus necessitatibus recusandae.', '', 35, 5, '2022-06-18 09:07:20', '2022-06-18 09:07:20'),
(367, 'Aut omnis sit non temporibus provident est temporibus. Voluptatum debitis suscipit et ex itaque. Neque ut qui aspernatur voluptatibus distinctio.', '', 74, 8, '2022-06-18 09:07:20', '2022-06-18 09:07:20'),
(368, 'Vero est alias nostrum asperiores quis. Sit dolorem quos libero similique eaque velit. Totam porro mollitia veritatis est debitis nesciunt. Id autem adipisci qui officia aspernatur aliquam et.', '', 87, 7, '2022-06-18 09:07:20', '2022-06-18 09:07:20'),
(369, 'Omnis voluptatem odit velit eum excepturi. Eius exercitationem eius natus odio. Ad aut animi non illum.', '', 71, 4, '2022-06-18 09:07:20', '2022-06-18 09:07:20'),
(370, 'Autem eos commodi distinctio quas deserunt sunt. Est possimus sequi ut commodi soluta sint officia. Quas nam voluptatem inventore non. Cum assumenda aliquam rerum quis aperiam accusantium facere.', '', 76, 10, '2022-06-18 09:07:20', '2022-06-18 09:07:20'),
(371, 'Repudiandae tenetur et quos. Quia maiores reiciendis molestiae natus. Eveniet nostrum asperiores ducimus.', '', 69, 2, '2022-06-18 09:07:20', '2022-06-18 09:07:20'),
(372, 'Exercitationem qui odit et repellendus ut ab. Culpa vel voluptate deserunt nulla voluptas dicta cumque ut. Minus facilis atque numquam odio dolores illo quas. Similique ut eaque ab et aut.', '', 52, 7, '2022-06-18 09:07:20', '2022-06-18 09:07:20'),
(373, 'Odit velit doloremque qui neque. Id temporibus illo enim sunt voluptatum. Ut labore provident et. Laboriosam aspernatur voluptas enim iure incidunt fugiat vitae. Dolorum iure voluptas nemo soluta dolore ratione placeat.', '', 80, 10, '2022-06-18 09:07:20', '2022-06-18 09:07:20'),
(374, 'Veritatis impedit quibusdam ipsum excepturi rerum velit aspernatur. Totam provident suscipit voluptatem dicta autem similique. Velit temporibus asperiores aperiam et sapiente aut. Qui et impedit molestias.', '', 86, 10, '2022-06-18 09:07:20', '2022-06-18 09:07:20'),
(375, 'Eaque asperiores neque dolorem nihil illo et. Est cupiditate amet sed quis sapiente aliquid velit. Facilis nobis ut similique amet. Autem voluptas dolores provident vel maiores impedit.', '', 48, 8, '2022-06-18 09:07:20', '2022-06-18 09:07:20'),
(376, 'Occaecati sapiente aut sequi est qui ratione. Eligendi mollitia dolor unde accusantium dolorem alias aperiam rerum.', '', 74, 8, '2022-06-18 09:07:20', '2022-06-18 09:07:20'),
(377, 'Ex itaque omnis ex voluptas error veritatis. Quia ad et nihil animi veniam culpa nihil. Magni non labore et delectus adipisci. Necessitatibus est assumenda nihil sed corporis incidunt totam quis. Ratione iusto et ea.', '', 9, 8, '2022-06-18 09:07:20', '2022-06-18 09:07:20'),
(378, 'Illo voluptas quae blanditiis possimus numquam. Natus ex vel qui dolor voluptatibus accusantium dolorum. Quidem possimus qui ipsum velit eveniet.', '', 28, 2, '2022-06-18 09:07:20', '2022-06-18 09:07:20'),
(379, 'Beatae et in eum hic suscipit sapiente mollitia et. Et ea dolorem earum. Veniam voluptatibus laudantium vitae. Tempora assumenda animi voluptatem eligendi.', '', 39, 5, '2022-06-18 09:07:20', '2022-06-18 09:07:20'),
(380, 'In minus labore laudantium esse. Sunt eius aut et qui et reiciendis.', '', 91, 10, '2022-06-18 09:07:20', '2022-06-18 09:07:20'),
(381, 'Corporis rerum quos ut quas voluptates et. Fuga illum molestiae ea sapiente. Enim dolorem non sit et alias voluptatem iusto.', '', 74, 9, '2022-06-18 09:07:20', '2022-06-18 09:07:20'),
(382, 'Est aut quas dolores repellat. Deserunt totam eius libero doloribus error provident. Alias corporis praesentium in et quia perspiciatis natus.', '', 28, 7, '2022-06-18 09:07:20', '2022-06-18 09:07:20'),
(383, 'Laborum quae repellat voluptas doloremque harum. Porro quos esse magnam harum facilis qui. Nobis laborum dicta laudantium est et nam consequatur. Itaque fugit modi rerum deserunt exercitationem eveniet sit. Voluptas iure accusantium at similique laborum nobis autem.', '', 65, 8, '2022-06-18 09:07:20', '2022-06-18 09:07:20'),
(384, 'Sequi similique modi est sed ut sequi officiis. Recusandae maiores ut et in. Omnis nam provident delectus nulla deserunt. Soluta illum fugiat consequatur nam placeat aspernatur iste.', '', 30, 8, '2022-06-18 09:07:20', '2022-06-18 09:07:20'),
(385, 'Maxime rem ratione facere magnam nihil optio. Cumque vel placeat architecto possimus. Non quis enim sequi ducimus dolores ut molestiae.', '', 21, 7, '2022-06-18 09:07:20', '2022-06-18 09:07:20'),
(386, 'In rerum repellendus et magni qui doloremque. Sit deleniti dolor quam odio. Quis laudantium delectus molestias et est quia ab.', '', 91, 4, '2022-06-18 09:07:20', '2022-06-18 09:07:20'),
(387, 'Rem similique blanditiis eum repellendus. Laudantium aut vel aut ipsam. Ut aspernatur accusamus quisquam molestiae necessitatibus temporibus adipisci.', '', 48, 10, '2022-06-18 09:07:20', '2022-06-18 09:07:20'),
(388, 'Aliquam debitis cumque distinctio reiciendis corrupti ad ducimus. Nihil omnis corporis ut qui aut perspiciatis. Quam qui quis est laudantium. Ea aut et tenetur aut blanditiis quia ut est.', '', 98, 5, '2022-06-18 09:07:20', '2022-06-18 09:07:20'),
(389, 'Voluptatem non optio est. Dolorem quaerat numquam earum eligendi minus et distinctio. Ratione rerum maxime id.', '', 59, 10, '2022-06-18 09:07:20', '2022-06-18 09:07:20'),
(390, 'Quasi optio illum et officiis. Ea aut dolorem reiciendis sed. Doloribus commodi ipsa mollitia laudantium voluptas tempore ut id.', '', 76, 9, '2022-06-18 09:07:20', '2022-06-18 09:07:20'),
(391, 'Quo beatae corporis blanditiis dolorem sed at. Sequi aut aliquid qui voluptatem eum molestiae necessitatibus. In rerum vitae placeat deleniti. Sed illo magni ipsum.', '', 70, 7, '2022-06-18 09:07:20', '2022-06-18 09:07:20'),
(392, 'Odit tempora ratione quia excepturi. Dolore velit praesentium laboriosam eaque error et eos. Cumque quae qui et asperiores modi maiores. Ea reprehenderit animi aut.', '', 14, 2, '2022-06-18 09:07:20', '2022-06-18 09:07:20'),
(393, 'Ipsum eaque sequi repellat quia et. Alias eligendi illum sunt ducimus quia sunt accusantium. Nihil similique voluptatibus ut vitae voluptatem voluptatem.', '', 15, 5, '2022-06-18 09:07:20', '2022-06-18 09:07:20'),
(394, 'Voluptas ut atque sit sunt itaque. Quia rerum iure minus quo. Magni ut nulla quisquam assumenda nemo hic. Rem aut nobis et nam.', '', 85, 3, '2022-06-18 09:07:20', '2022-06-18 09:07:20'),
(395, 'Consequatur perspiciatis quia numquam et quis. Neque consectetur fugit saepe aut enim perferendis. Velit ratione quo voluptatem ratione quia voluptas. Et ipsa labore cumque repudiandae excepturi omnis aspernatur.', '', 97, 2, '2022-06-18 09:07:20', '2022-06-18 09:07:20'),
(396, 'Veritatis temporibus libero nulla aspernatur qui. Dolores consequatur qui officia voluptatem hic. Quo repudiandae praesentium consequatur dignissimos.', '', 27, 8, '2022-06-18 09:07:20', '2022-06-18 09:07:20'),
(397, 'Velit iure fuga porro. Mollitia enim dolore cupiditate porro reprehenderit. Quasi et quo dicta. Quisquam voluptatibus eos quisquam velit nobis.', '', 88, 8, '2022-06-18 09:07:20', '2022-06-18 09:07:20'),
(398, 'Consequuntur in alias atque. Et iure accusantium ut est numquam laborum quo velit.', '', 52, 6, '2022-06-18 09:07:20', '2022-06-18 09:07:20'),
(399, 'Eos eaque vel molestiae quae assumenda. Qui hic id dolorem ullam quo vero fugiat a. Distinctio quia molestiae placeat cupiditate ea minus aut est. Nostrum laborum nisi voluptates aperiam distinctio.', '', 38, 8, '2022-06-18 09:07:20', '2022-06-18 09:07:20'),
(400, 'Sapiente molestiae ab eos sit id eius et. Cupiditate ex consequatur inventore quia dolor. Est consequatur sequi harum pariatur animi et cumque. Nobis eaque enim minima.', '', 49, 6, '2022-06-18 09:07:20', '2022-06-18 09:07:20'),
(401, 'Eligendi laboriosam id quia molestiae officia est numquam. Sed at perferendis itaque ut et recusandae quia dolorem. Quis sunt nostrum repellat rerum dolorem omnis.', '', 66, 7, '2022-06-18 09:07:20', '2022-06-18 09:07:20'),
(402, 'Voluptates aut voluptatem aut ipsum ducimus odio sapiente. Iste sapiente dolor optio laborum animi ipsa cum. Debitis a a iusto esse dolor. Voluptate et nihil aut sint aliquam et voluptatem repellat.', '', 17, 9, '2022-06-18 09:07:20', '2022-06-18 09:07:20'),
(403, 'Quo accusantium id eum minus quae omnis alias. Repudiandae sit in et reprehenderit fuga odit. Laborum laborum neque voluptatem est ea soluta accusamus.', '', 27, 10, '2022-06-18 09:07:20', '2022-06-18 09:07:20'),
(404, 'Molestias eveniet necessitatibus ex autem rerum eum vel. Vel eveniet sit aliquid excepturi sequi. Odit quia impedit fugiat exercitationem. Autem quasi incidunt hic voluptas vel.', '', 53, 8, '2022-06-18 09:07:20', '2022-06-18 09:07:20'),
(405, 'Magni nihil reiciendis aperiam explicabo temporibus id ex. Vel necessitatibus cupiditate est dolorum vel maxime. Ullam accusantium nobis sit qui quae non odio et. Esse ex recusandae eius placeat sed voluptatem nisi.', '', 88, 6, '2022-06-18 09:07:20', '2022-06-18 09:07:20'),
(406, 'Culpa odio quas consequatur doloremque quis ut unde velit. Et maiores repellat odit ducimus asperiores possimus tempore. Beatae quis consequuntur in reprehenderit.', '', 76, 8, '2022-06-18 09:07:20', '2022-06-18 09:07:20'),
(407, 'Voluptatem eum vel vitae animi voluptatem consequatur distinctio. At eligendi molestias voluptatem non. Qui aut corrupti modi ut corrupti.', '', 78, 10, '2022-06-18 09:07:20', '2022-06-18 09:07:20'),
(408, 'Pariatur nihil magni ut deserunt sunt laborum non ut. Voluptatem fugit sequi reiciendis iusto blanditiis. Nam doloremque architecto sint nobis. Explicabo et reprehenderit numquam fugit.', '', 81, 9, '2022-06-18 09:07:20', '2022-06-18 09:07:20'),
(409, 'Placeat delectus repudiandae et ab sint. Corporis iste ut libero quia. Velit omnis rerum et ipsam. Et libero quia necessitatibus eaque aspernatur sed expedita.', '', 89, 4, '2022-06-18 09:07:20', '2022-06-18 09:07:20'),
(410, 'Provident qui ut praesentium quidem ut qui labore aut. Aliquam voluptas cum explicabo fugiat quam. Veniam blanditiis facere non omnis unde quasi ea.', '', 92, 3, '2022-06-18 09:07:20', '2022-06-18 09:07:20'),
(411, 'Totam nihil quas et voluptate ut doloremque quod fuga. Laboriosam fugiat voluptatem ut. Sequi id aut non deleniti alias. Adipisci debitis laboriosam ipsa dolorum quia.', '', 89, 5, '2022-06-18 09:07:20', '2022-06-18 09:07:20'),
(412, 'Autem et unde expedita voluptas aliquam. Fuga id soluta fuga non non et ratione. Iusto explicabo ut quibusdam aut est. Qui aut quibusdam ipsum quis expedita nobis et.', '', 85, 4, '2022-06-18 09:07:20', '2022-06-18 09:07:20'),
(413, 'Qui tenetur voluptatum veritatis sint ipsam sunt. Voluptatem vel vel facilis velit sint saepe. Vel veritatis facilis voluptas et modi cum. Voluptas commodi eius reprehenderit pariatur sapiente quam architecto.', '', 48, 10, '2022-06-18 09:07:20', '2022-06-18 09:07:20'),
(414, 'Doloremque perspiciatis nemo dolores sed quis placeat optio ea. Perspiciatis impedit sit quo quia maiores autem quia. Nesciunt voluptatibus cupiditate accusantium eos exercitationem. Assumenda consequatur enim eveniet non.', '', 82, 9, '2022-06-18 09:07:20', '2022-06-18 09:07:20'),
(415, 'Voluptatem ducimus possimus ab aut dolorem non. Dolorem eum est itaque non et optio. Aut repudiandae asperiores sapiente asperiores assumenda ipsam ipsa aliquid.', '', 43, 8, '2022-06-18 09:07:20', '2022-06-18 09:07:20'),
(416, 'Unde aut rerum qui ut. Assumenda recusandae qui sed nobis distinctio et consequatur. Eligendi id iure repellat veniam saepe.', '', 2, 7, '2022-06-18 09:07:20', '2022-06-18 09:07:20'),
(417, 'Autem harum et sed error ut fugit quam. Numquam voluptatem fuga optio assumenda. Sint earum odit qui ipsa itaque enim atque nesciunt. Vel deleniti consectetur eius et. Error qui voluptatem praesentium molestias.', '', 83, 6, '2022-06-18 09:07:20', '2022-06-18 09:07:20'),
(418, 'Nam nostrum dolores aperiam iusto porro. Aspernatur quo perferendis eligendi aut minima. A iusto in cupiditate. Vero rem vitae ullam aut.', '', 71, 10, '2022-06-18 09:07:20', '2022-06-18 09:07:20'),
(419, 'Libero incidunt quae beatae quidem non. Occaecati necessitatibus omnis saepe maiores. Mollitia inventore ea cum tenetur vero amet ducimus.', '', 81, 8, '2022-06-18 09:07:20', '2022-06-18 09:07:20'),
(420, 'Sed quibusdam assumenda aut minus a excepturi ducimus. Et totam sint quod laboriosam. Architecto ut nostrum odio minima optio est consequatur. Omnis cum magnam qui sed et vitae consequatur qui.', '', 58, 3, '2022-06-18 09:07:20', '2022-06-18 09:07:20'),
(421, 'Rerum rem dolorem autem consequuntur sequi. Voluptatum aut saepe omnis id perferendis. Dolores corrupti tempore aperiam quidem commodi. Laudantium maiores vitae esse dolorum. Aut et qui quo.', '', 48, 9, '2022-06-18 09:07:20', '2022-06-18 09:07:20'),
(422, 'Beatae mollitia aut cum consequuntur eius quasi. Aut sed qui ullam hic.', '', 81, 6, '2022-06-18 09:07:20', '2022-06-18 09:07:20'),
(423, 'Nihil sit earum quo. Ut error nostrum qui harum porro. Accusantium voluptatibus tempora aperiam sit. Est omnis deleniti quo ex quia et illum.', '', 65, 10, '2022-06-18 09:07:20', '2022-06-18 09:07:20'),
(424, 'Fugit ut impedit aperiam molestias dolorum. Eum aliquam est est deleniti deleniti at a odio. Id dolorem qui at omnis aut quidem.', '', 53, 1, '2022-06-18 09:07:20', '2022-06-18 09:07:20'),
(425, 'Impedit aut magni sed id consectetur saepe. Inventore natus a placeat corrupti in corrupti. Libero explicabo nisi praesentium voluptates accusamus totam.', '', 51, 6, '2022-06-18 09:07:20', '2022-06-18 09:07:20'),
(426, 'Sed nulla accusantium tempora. Molestiae nulla error molestiae dolor delectus. Animi est molestias itaque qui iusto nisi veniam.', '', 96, 9, '2022-06-18 09:07:20', '2022-06-18 09:07:20'),
(427, 'Quos quo illo saepe nemo repellat rem optio illo. Est sequi et nemo blanditiis non nisi. Sunt neque esse autem ut quod tempore.', '', 23, 10, '2022-06-18 09:07:20', '2022-06-18 09:07:20'),
(428, 'Natus libero deleniti quae sit soluta. Reiciendis dicta ea voluptatibus consequatur. Sed earum nisi fuga.', '', 69, 10, '2022-06-18 09:07:20', '2022-06-18 09:07:20'),
(429, 'Odio tempore et cupiditate voluptatibus reprehenderit est eos. Delectus et ea qui consequatur. Cupiditate facilis velit aut esse sed enim est. Nisi ut dolor laboriosam vel hic fuga.', '', 60, 8, '2022-06-18 09:07:20', '2022-06-18 09:07:20'),
(430, 'Et fuga dolorem perferendis illum minus ex nobis. Omnis illum architecto sunt aliquid. Itaque magnam sit sed quaerat rerum.', '', 86, 4, '2022-06-18 09:07:20', '2022-06-18 09:07:20'),
(431, 'Ut reiciendis qui rerum vel. Voluptas praesentium iusto incidunt sed inventore a. Enim et error voluptatem laudantium sint porro voluptas. Optio quaerat numquam doloremque quia fugiat. Aut et aperiam et velit ad.', '', 53, 10, '2022-06-18 09:07:20', '2022-06-18 09:07:20'),
(432, 'Est aliquid dicta maxime. Perferendis qui maiores deserunt excepturi consequatur alias odit. Illo minima itaque alias quo aut quia delectus. Dolores minima fugiat non.', '', 76, 3, '2022-06-18 09:07:20', '2022-06-18 09:07:20'),
(433, 'Recusandae ut accusantium nesciunt eveniet. Quam excepturi vero et ut voluptate ratione natus. Rerum assumenda quia corporis consequatur vitae laborum ipsam. Deleniti est eum distinctio voluptatem rem quae perferendis.', '', 77, 9, '2022-06-18 09:07:20', '2022-06-18 09:07:20'),
(434, 'Qui perferendis neque sit. Est est deserunt ad soluta quia vel officia. Sed atque veritatis sint dolores amet eveniet sint voluptatem.', '', 59, 6, '2022-06-18 09:07:20', '2022-06-18 09:07:20'),
(435, 'Facilis perspiciatis perspiciatis quas id non cumque itaque. Perspiciatis dolorem ducimus aperiam modi quam rerum voluptatem. Exercitationem molestias voluptate occaecati consequatur sapiente.', '', 70, 10, '2022-06-18 09:07:20', '2022-06-18 09:07:20'),
(436, 'Dicta aut temporibus exercitationem est. Esse et omnis eius perspiciatis. Ipsam error aperiam sint.', '', 10, 9, '2022-06-18 09:07:20', '2022-06-18 09:07:20'),
(437, 'Vel error enim molestias ut sint ut. Expedita ut rerum laborum exercitationem eum nam. Corrupti necessitatibus ducimus voluptatem ut voluptatibus nostrum tenetur. Placeat quod dicta amet nulla.', '', 98, 5, '2022-06-18 09:07:20', '2022-06-18 09:07:20'),
(438, 'Omnis eius omnis doloribus non. Sapiente ut minima et dolor. Vitae incidunt voluptatem magni quo hic. Blanditiis reiciendis natus voluptatibus eum illo sed beatae.', '', 99, 2, '2022-06-18 09:07:20', '2022-06-18 09:07:20'),
(439, 'Odit autem maxime impedit. Quia est ab odio explicabo non. Et ad voluptatem provident veritatis pariatur est. Eaque aut sunt repudiandae qui.', '', 78, 8, '2022-06-18 09:07:20', '2022-06-18 09:07:20'),
(440, 'Itaque vero excepturi praesentium dolores. Numquam perferendis nisi placeat commodi sequi nihil recusandae. Aperiam doloremque qui a saepe eius numquam tenetur.', '', 27, 4, '2022-06-18 09:07:20', '2022-06-18 09:07:20'),
(441, 'Consequatur autem ut non molestiae nemo et quia. Quibusdam quia sunt blanditiis aut maiores nulla ut. Harum provident dolores ratione fuga.', '', 84, 10, '2022-06-18 09:07:20', '2022-06-18 09:07:20'),
(442, 'Amet quae ut totam. Et nisi dolores nam. Animi itaque nemo voluptate animi quia quae.', '', 21, 9, '2022-06-18 09:07:20', '2022-06-18 09:07:20'),
(443, 'Aspernatur perferendis ratione pariatur laudantium inventore aperiam fuga molestiae. Ad dolores nam ullam autem quis at. Tempora eius quia qui quo nostrum.', '', 20, 9, '2022-06-18 09:07:20', '2022-06-18 09:07:20'),
(444, 'Dolorem in cupiditate est aliquam maxime. Deserunt quibusdam et numquam. Dolor totam odio optio accusamus quo nostrum. Totam perferendis unde sunt soluta voluptates sed magnam. Possimus quia nobis ut repellendus praesentium sit molestiae.', '', 12, 10, '2022-06-18 09:07:20', '2022-06-18 09:07:20'),
(445, 'Illum non aperiam et repellendus deserunt. Perferendis aut nisi et et quaerat est quam. Quis tempore libero nihil eos.', '', 77, 10, '2022-06-18 09:07:20', '2022-06-18 09:07:20'),
(446, 'Soluta consequatur quis sed fugiat labore. Et consequuntur rem atque eum. Nihil accusantium pariatur dolores voluptatem officia. Aperiam explicabo vitae occaecati qui atque. Enim sunt laboriosam et incidunt nisi mollitia a.', '', 59, 10, '2022-06-18 09:07:20', '2022-06-18 09:07:20');
INSERT INTO `comments` (`id`, `content`, `title`, `post_id`, `user_id`, `created_at`, `updated_at`) VALUES
(447, 'Enim eos mollitia aliquid omnis quo. Vero quidem nisi distinctio labore. Adipisci rem ea qui consequatur.', '', 54, 2, '2022-06-18 09:07:20', '2022-06-18 09:07:20'),
(448, 'Delectus dolorem id dolores ipsam voluptatum. Aut deleniti distinctio sunt sunt. Sed ipsa omnis numquam nostrum dolores. Non qui quas sint.', '', 59, 5, '2022-06-18 09:07:20', '2022-06-18 09:07:20'),
(449, 'Nisi aliquam perspiciatis autem sint ipsam ut doloribus. Quo quia laborum placeat nulla quidem minus. Qui repellendus vero dolorem voluptas. Ut quia quibusdam nihil consectetur necessitatibus dolorem dolor. Voluptatem iure nemo voluptas.', '', 46, 10, '2022-06-18 09:07:20', '2022-06-18 09:07:20'),
(450, 'Quo quo nemo et qui quisquam. Praesentium modi quibusdam recusandae aperiam quam quia. Culpa corrupti molestiae reiciendis et est quasi tenetur.', '', 81, 5, '2022-06-18 09:07:20', '2022-06-18 09:07:20'),
(451, 'Quo animi cupiditate voluptatem. Velit et natus aliquam delectus optio. Pariatur similique non odit reprehenderit et.', '', 89, 6, '2022-06-18 09:07:20', '2022-06-18 09:07:20'),
(452, 'Eos placeat ad dolorem asperiores. Omnis quas voluptatem ut ea corporis dolores. Qui eligendi et nihil. Iste corporis perspiciatis voluptatibus similique ab maxime ut.', '', 94, 9, '2022-06-18 09:07:20', '2022-06-18 09:07:20'),
(453, 'Voluptatem fugit dolorem magnam suscipit deleniti ea culpa cupiditate. Veritatis aut ratione iure cumque doloribus et aut qui. Architecto consequatur at at et accusantium modi optio.', '', 58, 8, '2022-06-18 09:07:20', '2022-06-18 09:07:20'),
(454, 'Et in sed autem deserunt sint reprehenderit delectus. Eum autem a consequuntur. Velit dolores ratione natus veniam. Dicta sit molestias sapiente ipsum voluptates consequatur nulla.', '', 59, 6, '2022-06-18 09:07:20', '2022-06-18 09:07:20'),
(455, 'Praesentium qui vel eos asperiores aut accusamus. Perspiciatis labore occaecati dolore autem. Velit impedit praesentium temporibus et quibusdam voluptas et. Possimus dolor excepturi perspiciatis quisquam ut molestiae.', '', 27, 10, '2022-06-18 09:07:20', '2022-06-18 09:07:20'),
(456, 'Deserunt dolor amet totam omnis voluptatum. Eveniet officia accusamus id voluptatum amet nemo voluptas.', '', 22, 6, '2022-06-18 09:07:20', '2022-06-18 09:07:20'),
(457, 'Repellendus eos unde qui ratione sint qui ut ex. Enim laboriosam autem rerum animi commodi quo sunt.', '', 41, 5, '2022-06-18 09:07:20', '2022-06-18 09:07:20'),
(458, 'Minus et qui quia. Rerum ea possimus consequatur quas vel. Quibusdam repudiandae omnis et vel explicabo consequatur est soluta.', '', 99, 4, '2022-06-18 09:07:20', '2022-06-18 09:07:20'),
(459, 'Nulla sapiente ullam distinctio voluptatum. Placeat inventore eum saepe est quidem dignissimos ducimus. Qui adipisci repellendus porro exercitationem.', '', 23, 6, '2022-06-18 09:07:20', '2022-06-18 09:07:20'),
(460, 'Consequatur qui fugit assumenda ipsum porro quia non nam. Tempore itaque et amet nisi quae. Labore id perspiciatis reprehenderit nihil excepturi. Et error et aut non.', '', 94, 10, '2022-06-18 09:07:20', '2022-06-18 09:07:20'),
(461, 'Molestias eos sunt suscipit blanditiis dolorem. Culpa expedita voluptatem molestiae unde quis maxime illum sit. Blanditiis eum sint ab sapiente molestias dolor aliquam.', '', 87, 6, '2022-06-18 09:07:21', '2022-06-18 09:07:21'),
(462, 'Blanditiis sit praesentium ab quae consectetur consequatur. Soluta sequi voluptas illum. Unde delectus consectetur nulla pariatur nihil et voluptate. Molestiae nesciunt aspernatur et facere est pariatur esse veritatis.', '', 13, 1, '2022-06-18 09:07:21', '2022-06-18 09:07:21'),
(463, 'Esse corrupti molestiae officiis eum ad. Corrupti fugit eius quibusdam dignissimos et qui. Excepturi nam ipsa qui et quam.', '', 45, 9, '2022-06-18 09:07:21', '2022-06-18 09:07:21'),
(464, 'Aut saepe occaecati voluptatem fugit quo rerum. Illo molestias et eos natus harum et aut. Eum qui error hic. Quaerat quod quia consectetur aut.', '', 74, 6, '2022-06-18 09:07:21', '2022-06-18 09:07:21'),
(465, 'Eum libero molestiae quis. Alias necessitatibus asperiores exercitationem enim voluptate. Modi ratione nostrum necessitatibus sed nam maiores nobis.', '', 77, 10, '2022-06-18 09:07:21', '2022-06-18 09:07:21'),
(466, 'Recusandae quasi et eos. Sit voluptatem qui est quod inventore sapiente et. Corrupti voluptatem iste provident deserunt eligendi distinctio ea. Quia sint dolore optio rerum et.', '', 87, 8, '2022-06-18 09:07:21', '2022-06-18 09:07:21'),
(467, 'Veritatis earum voluptatem culpa. Consequuntur ducimus ut ut dolor quidem nemo et. Quidem et aut ad quisquam quo et non.', '', 49, 7, '2022-06-18 09:07:21', '2022-06-18 09:07:21'),
(468, 'Voluptatibus error sunt et voluptate et et ducimus. Numquam enim quis molestiae ab ab. Ipsam qui repellendus sequi asperiores nostrum dignissimos. Qui et vel qui et quas. Quia consectetur perspiciatis ut sapiente veniam.', '', 22, 8, '2022-06-18 09:07:21', '2022-06-18 09:07:21'),
(469, 'Velit sunt dolorem voluptas sed quidem doloremque. Necessitatibus sequi quas ipsum iure. Eaque temporibus aliquid reprehenderit facere dignissimos neque ut sed.', '', 84, 6, '2022-06-18 09:07:21', '2022-06-18 09:07:21'),
(470, 'Sed ea tempore et quasi nobis voluptatem. Qui delectus eos similique iste rerum ut. Est distinctio debitis soluta ut qui. Quia ut recusandae et et. Dolorem natus quis nobis deleniti minima quia earum.', '', 60, 6, '2022-06-18 09:07:21', '2022-06-18 09:07:21'),
(471, 'Eaque et quis ut. Molestiae aliquam sed at itaque. Officia consequatur enim quo ut magni. Unde officiis laborum incidunt fugit occaecati quibusdam.', '', 75, 8, '2022-06-18 09:07:21', '2022-06-18 09:07:21'),
(472, 'Neque ipsum perspiciatis possimus adipisci. Aut numquam quo molestiae. Accusantium sapiente rerum mollitia quis. Quia nam ab et.', '', 86, 9, '2022-06-18 09:07:21', '2022-06-18 09:07:21'),
(473, 'Libero ut ut quis ex rerum corporis. Et aut qui qui qui temporibus qui dolorem.', '', 53, 9, '2022-06-18 09:07:21', '2022-06-18 09:07:21'),
(474, 'Sunt ex tempora soluta ipsa. Minus vero similique quae est eum. Sequi tenetur veritatis est est dolorum.', '', 83, 4, '2022-06-18 09:07:21', '2022-06-18 09:07:21'),
(475, 'Eligendi autem distinctio quo laboriosam sit. Tempore culpa dolorum quaerat accusantium tempora mollitia mollitia ipsum. Et iusto omnis cum harum iure.', '', 24, 3, '2022-06-18 09:07:21', '2022-06-18 09:07:21'),
(476, 'Ea modi consectetur nihil harum cumque sunt qui. Eos sapiente dolor ex eum voluptatem suscipit aspernatur. Reiciendis aliquam similique nobis iste aut voluptatum. Dolores expedita et error laboriosam.', '', 92, 10, '2022-06-18 09:07:21', '2022-06-18 09:07:21'),
(477, 'Facilis autem voluptates reiciendis voluptatem excepturi eligendi tempore. Quaerat voluptates dolor dolore quis dolorum saepe. Id necessitatibus enim architecto maiores. Exercitationem ex non impedit similique enim.', '', 6, 7, '2022-06-18 09:07:21', '2022-06-18 09:07:21'),
(478, 'Distinctio temporibus consequatur adipisci sunt maxime. Nihil sed ut sunt ullam nisi. Ullam in aut aliquid vel.', '', 60, 3, '2022-06-18 09:07:21', '2022-06-18 09:07:21'),
(479, 'Fuga repellat ratione quia quia porro. Vero sit totam culpa facere voluptas sunt maxime. Dolor repellat corporis incidunt officiis rerum omnis asperiores. A eum corporis assumenda illum. Qui voluptas voluptates et vero omnis.', '', 48, 10, '2022-06-18 09:07:21', '2022-06-18 09:07:21'),
(480, 'Labore doloremque nobis debitis hic consequatur ea enim facere. Aut qui placeat ut ducimus saepe. Impedit fugiat quo nostrum recusandae accusantium. Aut quae enim et nemo quo enim.', '', 88, 6, '2022-06-18 09:07:21', '2022-06-18 09:07:21'),
(481, 'Quia eligendi consequatur quaerat ipsa rerum qui ea aperiam. Magnam expedita non sit dolor. Consequuntur sequi et saepe perspiciatis. Consequatur voluptas a voluptatem voluptatem nemo laboriosam quas. Pariatur consequatur amet nam consequatur sint nihil sed.', '', 20, 9, '2022-06-18 09:07:21', '2022-06-18 09:07:21'),
(482, 'Voluptatem odit quia asperiores repellat et et. Consectetur rerum aut corrupti id qui dolorem ipsa. Omnis mollitia at et iusto voluptas eum commodi accusamus.', '', 40, 4, '2022-06-18 09:07:21', '2022-06-18 09:07:21'),
(483, 'Delectus odit facere fuga. Quaerat iure consequatur est rerum. Non eos aut ut magnam.', '', 81, 9, '2022-06-18 09:07:21', '2022-06-18 09:07:21'),
(484, 'Temporibus natus optio odio provident cumque. Eveniet dolorem est eos iusto sit. Fuga iste dolores praesentium inventore veniam repellendus consectetur. Velit id ullam impedit et voluptate itaque veniam.', '', 11, 7, '2022-06-18 09:07:21', '2022-06-18 09:07:21'),
(485, 'Aperiam temporibus velit corrupti dignissimos dolores doloribus amet. Laudantium sunt autem et ex est quasi quidem. A quam ipsam ab nesciunt necessitatibus accusamus. Et temporibus quibusdam voluptatem nihil velit non.', '', 86, 6, '2022-06-18 09:07:21', '2022-06-18 09:07:21'),
(486, 'Hic ex et possimus libero ut voluptatem dolores. Nisi debitis quidem id voluptatibus sit illo placeat et. Est ea tempore sint cupiditate dicta qui ipsa vero. Expedita officiis assumenda consequatur porro sint eligendi.', '', 28, 2, '2022-06-18 09:07:21', '2022-06-18 09:07:21'),
(487, 'Blanditiis id magni eos inventore amet officiis consequatur corrupti. Esse adipisci quaerat est autem cupiditate. Tenetur ad rem mollitia ea inventore error atque. Recusandae id nostrum molestiae est est culpa enim.', '', 90, 6, '2022-06-18 09:07:21', '2022-06-18 09:07:21'),
(488, 'Perferendis consequatur ipsam veniam. Voluptas et dolores quod reprehenderit earum tenetur nesciunt. In voluptatem quis dolores.', '', 99, 7, '2022-06-18 09:07:21', '2022-06-18 09:07:21'),
(489, 'Alias a nisi qui sit. Et nisi sapiente suscipit similique veniam. Qui omnis eveniet quasi qui eum.', '', 44, 2, '2022-06-18 09:07:21', '2022-06-18 09:07:21'),
(490, 'Eos possimus delectus recusandae tempore dignissimos ipsam aut. Eum reprehenderit qui autem natus. Atque mollitia et eius est labore ea. Ut et quis nesciunt doloribus veritatis.', '', 81, 6, '2022-06-18 09:07:21', '2022-06-18 09:07:21'),
(491, 'Dolorum sint odio eaque sit sunt quam eum. Quidem non quam est totam ut. Dolorum perferendis molestiae a eum quo ut. Voluptatum nostrum eum quasi esse.', '', 37, 9, '2022-06-18 09:07:21', '2022-06-18 09:07:21'),
(492, 'Est ea et voluptas delectus. Nobis non odit est itaque. Natus soluta quam et distinctio commodi error.', '', 62, 10, '2022-06-18 09:07:21', '2022-06-18 09:07:21'),
(493, 'Perferendis nulla veniam sit eveniet sit voluptatibus tempore blanditiis. Vitae quaerat minus voluptatem nihil est consequatur ipsa magnam. Repudiandae et eveniet dolorem magni amet rerum libero.', '', 17, 5, '2022-06-18 09:07:21', '2022-06-18 09:07:21'),
(494, 'Aut iste dolores quae voluptatem repellat nobis quos. Omnis cum animi quam.', '', 80, 10, '2022-06-18 09:07:21', '2022-06-18 09:07:21'),
(495, 'Et nam autem corrupti quibusdam cumque velit officiis tempore. Earum alias est numquam perferendis est repellendus. Porro corrupti quibusdam quam aperiam. Culpa repudiandae nihil sed hic neque nihil.', '', 79, 4, '2022-06-18 09:07:21', '2022-06-18 09:07:21'),
(496, 'Fuga autem qui nostrum in fugiat vitae. Asperiores nihil id cupiditate et. Corrupti excepturi tempora pariatur in.', '', 68, 9, '2022-06-18 09:07:21', '2022-06-18 09:07:21'),
(497, 'Qui rerum occaecati iure deleniti dolor illum ad. Incidunt qui veniam velit qui. Vero suscipit corrupti est possimus.', '', 75, 10, '2022-06-18 09:07:21', '2022-06-18 09:07:21'),
(498, 'Ea vitae dolorem ducimus modi. Ipsa officia quis deserunt similique. Assumenda aspernatur molestias qui iure ducimus qui odio.', '', 29, 10, '2022-06-18 09:07:21', '2022-06-18 09:07:21'),
(499, 'Officia quia unde aspernatur blanditiis quidem. Qui id dolore dolorem rerum ut facilis tenetur. Expedita voluptas minus suscipit vero magnam qui.', '', 95, 10, '2022-06-18 09:07:21', '2022-06-18 09:07:21'),
(500, 'Consequatur voluptatum alias nihil dolor accusantium ad ex. Reprehenderit sapiente expedita temporibus placeat et ut deleniti. Quas ut sit sint voluptatem et.', '', 59, 8, '2022-06-18 09:07:21', '2022-06-18 09:07:21'),
(501, 'Reiciendis et molestiae sint itaque quae. Facere corporis perferendis doloremque sunt voluptas. Qui id omnis veritatis. Omnis fuga aut id nulla.', '', 99, 3, '2022-06-18 09:07:21', '2022-06-18 09:07:21'),
(502, 'Omnis aliquam hic hic doloribus in. Veritatis magni voluptates ut quasi sed magnam. Et consequuntur minus temporibus eum omnis. Explicabo aut et eligendi ab dolores saepe.', '', 24, 6, '2022-06-18 09:07:21', '2022-06-18 09:07:21'),
(503, 'Voluptatum tempora magni soluta nisi voluptas voluptatem. Optio ullam eos quia. Ipsam delectus voluptatem qui necessitatibus enim soluta. Commodi ut necessitatibus dolore.', '', 37, 8, '2022-06-18 09:07:21', '2022-06-18 09:07:21'),
(504, 'Unde aspernatur dolor laboriosam quia unde corporis. Natus incidunt voluptates est voluptatem similique dolores nihil. Quis ut eum perspiciatis dolorem tempora commodi. Quasi id dolore accusamus aut exercitationem.', '', 27, 5, '2022-06-18 09:07:21', '2022-06-18 09:07:21'),
(505, 'Esse labore architecto quo suscipit qui odit molestias. Sint optio neque dolores error. Qui doloribus architecto voluptate sint voluptatem. Officiis non provident eveniet sunt.', '', 47, 8, '2022-06-18 09:07:21', '2022-06-18 09:07:21'),
(506, 'Nihil recusandae ex sed voluptatibus ut corrupti dolorem. Voluptas fuga unde dicta facere. Ab ut ut aut aliquam ab expedita illo non.', '', 85, 8, '2022-06-18 09:07:21', '2022-06-18 09:07:21'),
(507, 'Dicta dicta ut omnis sit. Dolorem qui accusamus modi. Odit non ex voluptas quisquam.', '', 68, 9, '2022-06-18 09:07:21', '2022-06-18 09:07:21'),
(508, 'Eum consequuntur vero soluta maxime aut id sunt. Quia incidunt saepe aut quo et. Rerum a esse impedit rerum.', '', 46, 3, '2022-06-18 09:07:21', '2022-06-18 09:07:21'),
(509, 'Odit aut vero eum maxime. Aut consectetur omnis ipsam et et. Labore quo aut eligendi aspernatur quisquam consequuntur repellat. Ad sunt fuga eius aut et consectetur maiores aut. Sapiente suscipit quia sint ut sit sunt.', '', 61, 9, '2022-06-18 09:07:21', '2022-06-18 09:07:21'),
(510, 'Sit et distinctio velit. Enim incidunt quibusdam numquam sapiente possimus. Ea exercitationem nulla error cupiditate est sit sint ut.', '', 93, 8, '2022-06-18 09:07:21', '2022-06-18 09:07:21'),
(511, 'Qui provident voluptas quo voluptatem voluptatem tempora. Voluptas neque deleniti quia consequatur aspernatur sit. Eum sed magni enim. Vitae sunt rem veritatis libero.', '', 93, 7, '2022-06-18 09:07:21', '2022-06-18 09:07:21'),
(512, 'Quasi tenetur velit quas voluptatum voluptatibus omnis cupiditate. Esse quidem non ex aliquid labore. Excepturi voluptatem expedita error sint porro voluptatem.', '', 66, 7, '2022-06-18 09:07:21', '2022-06-18 09:07:21'),
(513, 'Ut commodi dolorem voluptas temporibus blanditiis consequatur qui. Minus in quos consequatur ut et quaerat.', '', 91, 7, '2022-06-18 09:07:21', '2022-06-18 09:07:21'),
(514, 'Quia natus consequatur suscipit fuga inventore fugit. Sapiente dignissimos ut est quisquam ab voluptatem. Nulla quae accusamus expedita minus deleniti.', '', 80, 2, '2022-06-18 09:07:21', '2022-06-18 09:07:21'),
(515, 'Vel iste fugiat inventore. Consequuntur rerum suscipit magnam sit aut cumque dicta. Voluptatem illum cum ipsa ducimus dolor molestiae.', '', 87, 6, '2022-06-18 09:07:21', '2022-06-18 09:07:21'),
(516, 'Quod tenetur quia libero sint sint mollitia doloremque. Repudiandae voluptatem accusantium est reprehenderit laudantium alias dolore. Amet exercitationem eos asperiores quod quis laudantium non. Iusto ut expedita doloribus provident. Molestiae ut et explicabo necessitatibus rem eligendi.', '', 72, 3, '2022-06-18 09:07:21', '2022-06-18 09:07:21'),
(517, 'Totam eaque nemo ut cumque natus facere magni magnam. Voluptatum minus et commodi voluptatibus ut. Sunt dolore eos molestias sit quia eligendi voluptatem.', '', 80, 8, '2022-06-18 09:07:21', '2022-06-18 09:07:21'),
(518, 'Et esse sapiente suscipit deleniti sed quibusdam dolorem qui. Exercitationem nemo sapiente distinctio consequatur. Nemo ex qui odit illo ad voluptatibus. Non et labore sunt sed laborum dolorum.', '', 28, 9, '2022-06-18 09:07:21', '2022-06-18 09:07:21'),
(519, 'Repellat est repellendus est fuga fugiat sit fugit molestias. Ut voluptatem voluptatem quisquam aut veritatis non aut similique. Repellendus culpa quasi voluptatem est et repellendus. Asperiores ut nostrum consequatur amet reiciendis.', '', 70, 6, '2022-06-18 09:07:21', '2022-06-18 09:07:21'),
(520, 'Similique voluptate dolores iure et corrupti est nesciunt. Et iure illo nihil officiis quas voluptas et. Qui tenetur unde illum excepturi deserunt vel esse. Autem quae id veritatis eveniet molestiae ut.', '', 33, 2, '2022-06-18 09:07:21', '2022-06-18 09:07:21'),
(521, 'Eos voluptatibus sed adipisci hic. Velit ipsa consequatur cupiditate reiciendis ut explicabo. Quae possimus occaecati sit beatae consequatur.', '', 15, 1, '2022-06-18 09:07:21', '2022-06-18 09:07:21'),
(522, 'Dolorum provident voluptas qui architecto molestias quaerat. Ex occaecati earum ea. Quae autem dolores deleniti et non quia aut.', '', 54, 9, '2022-06-18 09:07:21', '2022-06-18 09:07:21'),
(523, 'Perspiciatis optio et earum voluptatibus possimus. Id nesciunt harum illum neque aut. Aut eum qui libero nihil saepe distinctio cum.', '', 86, 9, '2022-06-18 09:07:21', '2022-06-18 09:07:21'),
(524, 'Repellat ea sed at et. Ea quibusdam et dolor neque quaerat. Et consequatur aut sint alias sit fugiat qui. Quam numquam voluptatem est laudantium.', '', 24, 9, '2022-06-18 09:07:21', '2022-06-18 09:07:21'),
(525, 'Explicabo alias suscipit voluptates nostrum perspiciatis. Aut exercitationem nihil libero iusto omnis a. Quod nihil dolores sunt ut voluptatibus dolorem voluptatem rem.', '', 24, 8, '2022-06-18 09:07:21', '2022-06-18 09:07:21'),
(526, 'Voluptatum modi excepturi non voluptas assumenda. Praesentium aut aut enim nihil et voluptatibus quas. In eum qui beatae. Et ut excepturi repellendus voluptatibus reiciendis architecto aut itaque.', '', 75, 6, '2022-06-18 09:07:21', '2022-06-18 09:07:21'),
(527, 'Voluptates error optio ex iusto at. Hic exercitationem nihil ut aliquid mollitia consequatur in et. Ut nulla dolor reprehenderit unde. Laudantium molestiae quo quibusdam voluptate molestiae. Qui quis sint accusamus deleniti.', '', 78, 6, '2022-06-18 09:07:21', '2022-06-18 09:07:21'),
(528, 'Voluptatibus quaerat voluptas voluptatem. Voluptatem voluptas sequi cupiditate ut rerum. Voluptates dignissimos dolores eius adipisci eum totam. Quisquam sed et dolorum quia ipsum sequi quasi corrupti.', '', 73, 3, '2022-06-18 09:07:21', '2022-06-18 09:07:21'),
(529, 'Et sed autem autem quia hic ut repellendus. Repellat ea inventore consequatur velit aperiam. Sed qui aut beatae sunt inventore inventore ullam. Harum vitae deserunt sed aut repellendus possimus eius voluptas.', '', 41, 3, '2022-06-18 09:07:21', '2022-06-18 09:07:21'),
(530, 'Quis voluptatem harum alias temporibus veniam rerum. Ducimus sint aut asperiores facilis. Velit rerum voluptate perspiciatis neque voluptatem eos quo. Laboriosam vero illum aut voluptate et.', '', 73, 2, '2022-06-18 09:07:21', '2022-06-18 09:07:21'),
(531, 'Pariatur enim alias laudantium voluptatem. Numquam ipsam quia dicta est ut illum rerum eveniet. Eos magnam eos doloremque itaque.', '', 60, 5, '2022-06-18 09:07:21', '2022-06-18 09:07:21'),
(532, 'Adipisci nobis error illum ut enim est dolor. Commodi autem qui velit et ut voluptas. Consequatur omnis numquam et. Facilis architecto sequi perspiciatis.', '', 97, 6, '2022-06-18 09:07:21', '2022-06-18 09:07:21'),
(533, 'Nostrum laborum occaecati in facilis. Harum aut eligendi quam excepturi. Sed quis est non ipsum accusantium et. Eveniet aut et veritatis quo eius reiciendis.', '', 88, 6, '2022-06-18 09:07:21', '2022-06-18 09:07:21'),
(534, 'Beatae hic quo aut totam. Vitae earum culpa velit sit sed. Quam eius similique sint autem sequi nihil. Delectus ut ut error sit quae necessitatibus et illum.', '', 89, 4, '2022-06-18 09:07:21', '2022-06-18 09:07:21'),
(535, 'Maiores et quibusdam qui magnam natus excepturi. Voluptas tempore voluptas quia eaque quam voluptatem aut quia. Asperiores voluptate autem iusto rerum enim voluptatum. Quaerat ab voluptatibus cumque fuga consectetur aut rerum.', '', 94, 9, '2022-06-18 09:07:21', '2022-06-18 09:07:21'),
(536, 'Culpa tempore corrupti quod labore voluptas autem deleniti. Velit et repudiandae deleniti dolorem. Pariatur nostrum neque eum ut.', '', 36, 6, '2022-06-18 09:07:21', '2022-06-18 09:07:21'),
(537, 'Aliquam adipisci architecto eos odio. Non possimus perspiciatis atque. Ab quos qui accusamus maiores. Iusto ipsa ea sed est magni dolorum totam.', '', 83, 4, '2022-06-18 09:07:21', '2022-06-18 09:07:21'),
(538, 'Quidem corrupti rem nulla. Laboriosam eos aliquid quam vel recusandae sunt. Iste quo dignissimos numquam architecto. Laborum tenetur doloremque aut recusandae culpa vel et. Dicta consectetur inventore at eos.', '', 100, 10, '2022-06-18 09:07:21', '2022-06-18 09:07:21'),
(539, 'Placeat facere omnis repellendus autem voluptate voluptas rerum. Deserunt corporis fugiat id inventore. Vitae rem deserunt quo eos. Pariatur mollitia optio ea beatae.', '', 80, 3, '2022-06-18 09:07:21', '2022-06-18 09:07:21'),
(540, 'Recusandae id incidunt provident quibusdam magni. Aliquam qui ipsam et qui ipsum. Nam delectus et sunt soluta. Tenetur libero dolor architecto et modi vel aut dolores.', '', 99, 5, '2022-06-18 09:07:21', '2022-06-18 09:07:21'),
(541, 'Optio distinctio iste aliquam. Ut eveniet ut modi sequi excepturi eveniet non nemo. Reiciendis dolores dolorem et voluptas vitae.', '', 37, 9, '2022-06-18 09:07:21', '2022-06-18 09:07:21'),
(542, 'Dicta dolor quis voluptates dolores soluta et quia. Quia animi earum dolor quam provident inventore occaecati quia. Quod earum quo eaque unde cum voluptate rerum sed.', '', 27, 8, '2022-06-18 09:07:21', '2022-06-18 09:07:21'),
(543, 'Veniam ex eum dolorem cum. Numquam et eos laudantium beatae molestiae sed omnis. Dolorem totam qui nisi ut. Voluptas qui quam adipisci qui at voluptas ut.', '', 45, 8, '2022-06-18 09:07:21', '2022-06-18 09:07:21'),
(544, 'Fugiat assumenda quae quaerat vel vitae sit aut. Eveniet aut voluptates consequuntur porro.', '', 72, 8, '2022-06-18 09:07:21', '2022-06-18 09:07:21'),
(545, 'Id nihil nostrum sint dignissimos rem. Blanditiis amet ut id porro. Dolores atque molestiae praesentium expedita qui repellat.', '', 27, 5, '2022-06-18 09:07:21', '2022-06-18 09:07:21'),
(546, 'Porro facilis unde dolorem voluptatibus asperiores voluptas. Consequatur tempore hic delectus dolor dolorem. Maxime magni eaque rerum perferendis. Officiis qui magni maxime.', '', 100, 1, '2022-06-18 09:07:21', '2022-06-18 09:07:21'),
(547, 'Sed possimus tenetur debitis beatae consequuntur omnis. Voluptas vero in ea enim impedit. Odio omnis dolorem qui sunt mollitia rerum dolores.', '', 16, 7, '2022-06-18 09:07:21', '2022-06-18 09:07:21'),
(548, 'Voluptatum voluptatem officiis consequatur tempora. Odit sunt quo reiciendis tempora consequatur dolorum est. Rerum aliquid accusamus exercitationem cupiditate sunt. Ipsa ipsa qui ut rem possimus.', '', 87, 4, '2022-06-18 09:07:21', '2022-06-18 09:07:21'),
(549, 'Magni vero vero ab qui tempore voluptatem. Nemo qui rerum aut suscipit repudiandae aut sint. Enim id iusto est enim omnis qui ea. Nihil sint sed sit est est nisi.', '', 50, 6, '2022-06-18 09:07:21', '2022-06-18 09:07:21'),
(550, 'Ut expedita magni in alias et nulla vitae. Et laborum at tempore inventore itaque necessitatibus praesentium nihil. Aut aliquid accusantium ut hic fuga.', '', 84, 9, '2022-06-18 09:07:21', '2022-06-18 09:07:21'),
(551, 'Non perferendis unde pariatur architecto architecto. Quasi maxime sed omnis consequatur. Voluptatem laboriosam voluptatem qui est excepturi mollitia eius assumenda. Perferendis rerum aperiam sint reiciendis.', '', 91, 8, '2022-06-18 09:07:21', '2022-06-18 09:07:21'),
(552, 'Libero excepturi similique est minima vitae tenetur. Eveniet nam cumque ullam sint autem. Iusto ut et doloribus voluptatem voluptatibus provident.', '', 83, 10, '2022-06-18 09:07:21', '2022-06-18 09:07:21'),
(553, 'Quisquam ipsum quia libero delectus dolorum dolores. Voluptatem unde consectetur quo qui non sit deleniti aut. Tempore ipsam fuga ut.', '', 63, 9, '2022-06-18 09:07:21', '2022-06-18 09:07:21'),
(554, 'Id excepturi enim atque eveniet cum autem fugiat at. A autem corporis maiores excepturi. Quisquam rerum hic ipsam voluptate optio ex.', '', 25, 3, '2022-06-18 09:07:21', '2022-06-18 09:07:21'),
(555, 'Ex dolor assumenda dolorum earum. Et natus accusantium quas facere. Et asperiores ducimus ratione dolorem ab et vitae. Neque nesciunt est accusantium soluta nihil saepe pariatur officia.', '', 34, 4, '2022-06-18 09:07:21', '2022-06-18 09:07:21'),
(556, 'Non deserunt neque rerum quos occaecati. Tenetur rerum quia ut asperiores. Ut sunt enim ipsum tempore deleniti veniam. Libero assumenda provident placeat quo.', '', 91, 8, '2022-06-18 09:07:21', '2022-06-18 09:07:21'),
(557, 'Est quod animi minus eaque est ullam. Laborum aspernatur necessitatibus quam quaerat. Sapiente aut est ad ipsum ut.', '', 38, 5, '2022-06-18 09:07:21', '2022-06-18 09:07:21'),
(558, 'Et quaerat sequi et et temporibus tempore animi. Qui vero omnis atque dolorem nesciunt expedita.', '', 41, 3, '2022-06-18 09:07:21', '2022-06-18 09:07:21'),
(559, 'Qui eos vel temporibus nulla. Ea dolor corrupti dolores ut soluta. Aut sed numquam velit voluptas aut dolores.', '', 83, 10, '2022-06-18 09:07:21', '2022-06-18 09:07:21'),
(560, 'Eum dolor similique facilis blanditiis voluptas quaerat enim. Reprehenderit quae odit dignissimos pariatur et. Ab dolores quia et omnis. Cum consectetur quod consequuntur voluptas nulla nulla.', '', 97, 8, '2022-06-18 09:07:21', '2022-06-18 09:07:21'),
(561, 'Autem nobis ratione aut voluptatem. Nobis asperiores veniam facere possimus dolorum sapiente. Sunt inventore veritatis ea laborum error autem.', '', 72, 9, '2022-06-18 09:07:21', '2022-06-18 09:07:21'),
(562, 'Incidunt eligendi dolor cum repellat labore enim autem. Blanditiis ut ipsa autem inventore dolores. Odit qui ut officiis libero. Voluptatem eum perspiciatis aliquid ea.', '', 57, 9, '2022-06-18 09:07:21', '2022-06-18 09:07:21'),
(563, 'Hic iure architecto repudiandae iure eaque debitis eius quis. Provident consequatur impedit nobis et illum voluptas. Minima aperiam facere error saepe libero. Autem eum aut reprehenderit a cum delectus. Ut et neque odit occaecati autem sunt quia.', '', 35, 7, '2022-06-18 09:07:21', '2022-06-18 09:07:21'),
(564, 'Aut placeat et dolorum nisi. Eum repudiandae ea deleniti aspernatur repellat mollitia. Culpa et cum quia veniam mollitia qui molestias. Architecto provident blanditiis voluptatem nostrum qui molestias officiis. Fugiat minus praesentium laboriosam accusamus quia excepturi temporibus perferendis.', '', 84, 6, '2022-06-18 09:07:21', '2022-06-18 09:07:21'),
(565, 'Qui fugit doloremque quas expedita itaque animi. Ea aliquam quasi assumenda eum sit magni. Porro laudantium sed temporibus ad odio deserunt perferendis illum. Dolores ullam rerum culpa.', '', 63, 9, '2022-06-18 09:07:21', '2022-06-18 09:07:21'),
(566, 'Excepturi consequuntur assumenda non magni qui enim exercitationem. Voluptatem et ad aut. Saepe ipsa quas esse voluptatem illo error. Natus repellendus recusandae enim.', '', 82, 7, '2022-06-18 09:07:21', '2022-06-18 09:07:21'),
(567, 'Fugit sint expedita veniam maxime placeat placeat et. Sit similique in aut voluptatem consequatur.', '', 81, 5, '2022-06-18 09:07:21', '2022-06-18 09:07:21'),
(568, 'In rerum sapiente rem aperiam distinctio. Et alias omnis est consequuntur. Atque sed ut non. Tempora fuga cupiditate totam ut harum explicabo.', '', 79, 6, '2022-06-18 09:07:21', '2022-06-18 09:07:21'),
(569, 'Illo maxime aut et magnam quia facilis. Vero ut corrupti rerum illum suscipit.', '', 100, 9, '2022-06-18 09:07:21', '2022-06-18 09:07:21'),
(570, 'Cumque sed fuga voluptatem voluptatem. Harum eius ea at ut omnis sed quasi.', '', 36, 5, '2022-06-18 09:07:21', '2022-06-18 09:07:21'),
(571, 'Repellat tenetur nemo sequi dolores. Soluta natus qui quae est mollitia quos. Corrupti voluptas numquam est eligendi. Vel illo impedit eum veritatis doloribus rerum.', '', 4, 9, '2022-06-18 09:07:21', '2022-06-18 09:07:21'),
(572, 'Nemo eveniet officiis magnam et quibusdam fugit delectus. Asperiores cumque vero optio fugit dolores maxime. Sint esse exercitationem sint. Id adipisci eum nisi aliquid.', '', 46, 10, '2022-06-18 09:07:21', '2022-06-18 09:07:21'),
(573, 'Modi labore culpa ipsum quis ex ducimus. Hic recusandae facilis provident porro quisquam. Rem saepe excepturi vel sed.', '', 16, 1, '2022-06-18 09:07:21', '2022-06-18 09:07:21'),
(574, 'Et autem sit consequatur consequatur repellat ut. In tempore rem accusantium quo similique aut. Et quibusdam quibusdam deleniti magnam veritatis non. Dolorem qui suscipit cum ut.', '', 74, 2, '2022-06-18 09:07:21', '2022-06-18 09:07:21'),
(575, 'Blanditiis minima vero expedita deleniti sed provident optio. Molestias quibusdam repellendus optio dolor dolorem nihil. Dolorem numquam vel unde est excepturi architecto quod. Facilis ut ad libero.', '', 79, 5, '2022-06-18 09:07:21', '2022-06-18 09:07:21'),
(576, 'Libero maiores qui expedita quia officiis quibusdam facilis. Quia id quisquam qui similique ex enim. Est nihil dolore tempora voluptatibus ex minus sequi.', '', 41, 4, '2022-06-18 09:07:21', '2022-06-18 09:07:21'),
(577, 'Ea architecto nihil distinctio qui velit provident numquam. Ut animi optio voluptatibus deleniti. Corrupti ea aliquid amet excepturi architecto sapiente. Unde quia omnis voluptas aut ex. In nostrum quis tempore modi ex.', '', 86, 3, '2022-06-18 09:07:21', '2022-06-18 09:07:21'),
(578, 'Amet tempore amet quae quaerat natus quod. Maiores aliquam suscipit veniam numquam pariatur et itaque expedita. Et aliquam totam quo. Ullam mollitia est omnis laborum.', '', 39, 8, '2022-06-18 09:07:21', '2022-06-18 09:07:21'),
(579, 'Adipisci inventore cum voluptas voluptas similique sed dolore. In et dolor id voluptatem.', '', 51, 7, '2022-06-18 09:07:21', '2022-06-18 09:07:21'),
(580, 'Ad soluta dolorum totam itaque minus nihil inventore. Harum assumenda laborum officia velit occaecati tenetur molestias. Impedit maxime tenetur ut ut.', '', 36, 2, '2022-06-18 09:07:21', '2022-06-18 09:07:21'),
(581, 'Odit dignissimos alias reprehenderit aut in laborum a at. Nihil quos quo omnis ipsum in cum. Qui sint nemo voluptas repellendus. Quae repellendus rem fugiat assumenda est sit dolores.', '', 96, 3, '2022-06-18 09:07:21', '2022-06-18 09:07:21'),
(582, 'Numquam dolorum et vel esse et omnis in sit. Est qui cupiditate reprehenderit necessitatibus corrupti. Ex odio dolores aut sequi provident esse. Repellat et quae amet praesentium mollitia. Eos velit et quod rerum.', '', 13, 9, '2022-06-18 09:07:21', '2022-06-18 09:07:21'),
(583, 'Ut nihil impedit fugit velit sint. Voluptatem rerum quasi a adipisci. Culpa commodi laborum omnis repudiandae. Id aliquam tenetur nihil consequuntur.', '', 95, 10, '2022-06-18 09:07:21', '2022-06-18 09:07:21'),
(584, 'Voluptatem est odit quis enim ut sit officia magnam. Nam suscipit sit optio eveniet. Id eius ut veritatis hic ad. Id exercitationem velit tempora voluptates animi et.', '', 33, 7, '2022-06-18 09:07:21', '2022-06-18 09:07:21'),
(585, 'Nobis nihil incidunt consequuntur necessitatibus qui voluptatem. Vel quaerat est ratione sit eum iste ut. Molestias et animi alias molestias. Aperiam adipisci aut consequuntur suscipit fugit nobis. Quasi qui magni et qui ea odio.', '', 41, 10, '2022-06-18 09:07:21', '2022-06-18 09:07:21'),
(586, 'Voluptates nam beatae ut aliquid atque iure. Dolores et et autem consectetur rerum hic vero.', '', 61, 4, '2022-06-18 09:07:21', '2022-06-18 09:07:21'),
(587, 'Et dolore ut qui totam ut molestias. Autem labore esse reiciendis quis nulla quae. Voluptas commodi eos reprehenderit saepe ea fugiat. Sunt ad asperiores sed quo veniam dolore.', '', 100, 4, '2022-06-18 09:07:21', '2022-06-18 09:07:21'),
(588, 'Et vel quis similique suscipit minima nostrum dolores. Cupiditate sed quisquam et quo sed voluptas. Veritatis aut blanditiis enim suscipit assumenda laudantium. Iste assumenda et dolores mollitia.', '', 52, 2, '2022-06-18 09:07:21', '2022-06-18 09:07:21'),
(589, 'Accusantium consequatur sapiente accusamus quisquam. Doloremque porro autem praesentium. Voluptas et commodi in ut.', '', 43, 7, '2022-06-18 09:07:21', '2022-06-18 09:07:21'),
(590, 'Omnis laboriosam autem voluptas vitae. Incidunt id est ipsum vel distinctio.', '', 49, 1, '2022-06-18 09:07:21', '2022-06-18 09:07:21'),
(591, 'Et animi veniam voluptatem eaque in enim. Quis aut labore sed enim cupiditate et recusandae facere. Possimus dicta officia sint ratione. Et voluptas modi nemo quis porro ut.', '', 90, 2, '2022-06-18 09:07:21', '2022-06-18 09:07:21'),
(592, 'Autem ipsam consequuntur doloribus nemo incidunt et. Culpa ducimus rerum sint. Nobis ducimus voluptas voluptates. Quis provident rem necessitatibus dolore explicabo.', '', 53, 10, '2022-06-18 09:07:21', '2022-06-18 09:07:21'),
(593, 'Cupiditate eius ut recusandae rem quas provident. Dolores ut cumque est quo recusandae hic qui ipsam. Vel expedita corrupti id sint dolorem optio ratione.', '', 99, 4, '2022-06-18 09:07:21', '2022-06-18 09:07:21'),
(594, 'Voluptatem delectus qui pariatur non consequatur aspernatur facilis. Atque aut dignissimos unde perspiciatis placeat. Rem autem sit dignissimos.', '', 67, 7, '2022-06-18 09:07:21', '2022-06-18 09:07:21'),
(595, 'Officiis aspernatur dolorem rerum voluptate. Voluptate et at quia sunt aliquid sint iusto. Debitis veritatis totam sit blanditiis corrupti et et. Nulla sunt eos saepe fugiat suscipit numquam.', '', 38, 6, '2022-06-18 09:07:21', '2022-06-18 09:07:21'),
(596, 'Non cum inventore qui velit ipsa voluptatem assumenda. Repudiandae quia sunt voluptas qui nemo. Delectus consequatur et voluptatem. Maxime esse illum modi ut accusantium.', '', 87, 6, '2022-06-18 09:07:21', '2022-06-18 09:07:21'),
(597, 'Omnis facere cum vitae placeat exercitationem est. Ducimus doloremque totam ipsam id. Beatae eligendi voluptas quae eos id aliquam architecto.', '', 13, 7, '2022-06-18 09:07:21', '2022-06-18 09:07:21'),
(598, 'Corrupti architecto quod temporibus porro sapiente repellat sint reprehenderit. Iure nulla soluta omnis a fugit ut velit. Illo sed consequatur id beatae. Totam blanditiis quisquam optio et corporis ut.', '', 37, 4, '2022-06-18 09:07:21', '2022-06-18 09:07:21'),
(599, 'Deleniti mollitia perferendis repellendus aspernatur sit ratione impedit. Vitae consequatur non totam quisquam. Impedit nulla nisi quis praesentium architecto quam accusamus velit. Id consequatur corrupti dolores quia autem velit.', '', 69, 7, '2022-06-18 09:07:21', '2022-06-18 09:07:21'),
(600, 'Atque est esse facere assumenda. Neque est dicta autem voluptatibus. Facere qui fugit accusamus cupiditate ab aut.', '', 69, 5, '2022-06-18 09:07:21', '2022-06-18 09:07:21'),
(601, 'Ratione nostrum tempore aut et dolores. Animi nostrum quam maiores deserunt ab iusto qui. Nemo rerum quo et inventore laudantium nihil aspernatur.', '', 50, 1, '2022-06-18 09:07:21', '2022-06-18 09:07:21'),
(602, 'Nemo neque distinctio culpa error dolorem alias. Voluptates voluptatem sed quia qui et commodi voluptatem rerum. Id ipsa ullam asperiores tempore sint sed. Maiores praesentium modi sequi error.', '', 63, 5, '2022-06-18 09:07:21', '2022-06-18 09:07:21'),
(603, 'Hic iste consequatur fugit ullam odit et eum. Molestiae vitae facilis est et. Veritatis atque facilis mollitia excepturi enim quidem distinctio. Maiores ipsa rerum explicabo aut totam pariatur officiis.', '', 40, 4, '2022-06-18 09:07:21', '2022-06-18 09:07:21'),
(604, 'Aut ratione id et quam vel. Qui et architecto consectetur quo itaque impedit. Voluptatem dolor harum est. Animi rerum ut distinctio rerum consequatur hic debitis.', '', 99, 7, '2022-06-18 09:07:21', '2022-06-18 09:07:21'),
(605, 'Sunt alias deserunt sed sit minus nostrum provident. Ut laboriosam ut accusantium sint et non totam repellendus. Non ut tempora sed ea aut.', '', 93, 1, '2022-06-18 09:07:21', '2022-06-18 09:07:21'),
(606, 'Perspiciatis qui beatae qui ut. Harum explicabo vero tempore. Odit deleniti quidem qui ut et dolores nihil.', '', 83, 2, '2022-06-18 09:07:21', '2022-06-18 09:07:21'),
(607, 'Quidem nisi quam culpa consequatur quia. Et sint repellat deserunt officia vitae sint repellendus.', '', 25, 5, '2022-06-18 09:07:21', '2022-06-18 09:07:21'),
(608, 'Eos iste voluptatem ut dignissimos expedita a dignissimos. Temporibus et quaerat quam repellendus enim ex. Sunt accusamus eligendi aspernatur provident nihil. Et dolorem doloribus voluptatibus recusandae quod expedita officia.', '', 79, 6, '2022-06-18 09:07:21', '2022-06-18 09:07:21'),
(609, 'Delectus sed aut voluptatem sit fugiat beatae dolor. Veritatis dolore est omnis inventore quas natus et animi. Quis sed est iste fuga cum ea repudiandae id. Ex aut cupiditate omnis soluta neque et suscipit.', '', 76, 7, '2022-06-18 09:07:21', '2022-06-18 09:07:21'),
(610, 'Quis harum culpa dolore explicabo impedit nemo. Facilis labore molestiae reiciendis quia qui fuga reprehenderit. Amet itaque necessitatibus inventore sapiente officia tempore.', '', 66, 10, '2022-06-18 09:07:21', '2022-06-18 09:07:21'),
(611, 'Quis id aut repellat magnam. Asperiores at veritatis qui quos nobis. Ex voluptatem eos esse nisi voluptas quod sunt. Tempora vel et nihil laboriosam enim aperiam rerum.', '', 83, 4, '2022-06-18 09:07:21', '2022-06-18 09:07:21'),
(612, 'Quis ut debitis ipsum consequuntur dolores. Voluptatem minima et tenetur et. Minima nemo aut dolorum. Animi magni consequuntur quos illo.', '', 36, 2, '2022-06-18 09:07:21', '2022-06-18 09:07:21'),
(613, 'Dolor at dolorem amet qui aut quas. Distinctio doloremque similique aut iusto quis aut omnis. Qui voluptatem fuga quos nam possimus. Quia quisquam explicabo quia nam.', '', 87, 4, '2022-06-18 09:07:21', '2022-06-18 09:07:21'),
(614, 'Hic perspiciatis porro non quia. Ut nulla veritatis et nemo. Consequuntur omnis est ratione expedita et pariatur non. Natus occaecati ut mollitia dolor.', '', 85, 10, '2022-06-18 09:07:21', '2022-06-18 09:07:21'),
(615, 'Tempore explicabo beatae nihil voluptatem esse dolores. Consectetur quisquam nihil sequi itaque. Consequuntur voluptatem neque aut non.', '', 87, 4, '2022-06-18 09:07:21', '2022-06-18 09:07:21'),
(616, 'Repellendus deleniti dicta explicabo quisquam. Aliquam sed enim cum et totam debitis. Dicta illo placeat nam omnis ut. Occaecati reprehenderit consequatur ipsam vel est molestias.', '', 56, 5, '2022-06-18 09:07:21', '2022-06-18 09:07:21'),
(617, 'Laboriosam quod quia cumque eveniet et ratione. Et inventore asperiores architecto distinctio quos laudantium. Molestiae dignissimos nihil id voluptatem. Sed aut sit non esse est officia.', '', 80, 6, '2022-06-18 09:07:21', '2022-06-18 09:07:21'),
(618, 'Et aspernatur sint hic quia nisi quia. Quisquam unde autem voluptas vel.', '', 91, 10, '2022-06-18 09:07:21', '2022-06-18 09:07:21'),
(619, 'Illo fuga quidem sed explicabo. Praesentium ipsam eos dolorem incidunt sint. Velit quam veniam deleniti commodi culpa commodi ut. Soluta rerum corporis necessitatibus.', '', 88, 10, '2022-06-18 09:07:21', '2022-06-18 09:07:21'),
(620, 'Qui aspernatur incidunt fugiat non. Doloremque amet nisi et et. Minima iste in occaecati voluptas. Quis laboriosam similique cumque dicta et facilis.', '', 24, 7, '2022-06-18 09:07:21', '2022-06-18 09:07:21'),
(621, 'Sit iure tempora sit autem. Illo consequatur laudantium minus aut. Amet non ex exercitationem quibusdam ab ut quod.', '', 70, 9, '2022-06-18 09:07:21', '2022-06-18 09:07:21'),
(622, 'Omnis est dolorem minima. Et blanditiis dolores omnis quia. Aliquid ipsa numquam quam ut.', '', 43, 7, '2022-06-18 09:07:21', '2022-06-18 09:07:21'),
(623, 'Non molestias doloribus laborum totam. Possimus molestias ut et et. Sit accusantium ipsam ullam perferendis eveniet enim officiis. Voluptas expedita eligendi accusamus accusantium ut facere expedita.', '', 56, 10, '2022-06-18 09:07:21', '2022-06-18 09:07:21'),
(624, 'Qui sapiente facilis rem dignissimos. Quidem fugiat sit perferendis. Provident libero ipsam qui fugiat quibusdam necessitatibus fuga repellendus. Inventore provident dicta impedit quod ea.', '', 73, 6, '2022-06-18 09:07:21', '2022-06-18 09:07:21'),
(625, 'Odio ut qui voluptatibus non voluptatem. Aut enim et velit tempore. Tempora molestiae maxime possimus suscipit inventore iusto sit repudiandae.', '', 100, 9, '2022-06-18 09:07:21', '2022-06-18 09:07:21'),
(626, 'Est in dicta sit. Assumenda repellat eveniet optio labore enim voluptatem. Porro in recusandae magnam.', '', 58, 7, '2022-06-18 09:07:21', '2022-06-18 09:07:21'),
(627, 'Omnis id excepturi in et sunt temporibus. Vel beatae facere voluptates accusamus aut quasi ducimus. Voluptates illum optio delectus et. Aut itaque non sit aut omnis dolorem et.', '', 93, 9, '2022-06-18 09:07:21', '2022-06-18 09:07:21'),
(628, 'Ut ad facere aut. Non possimus aut iusto est quos facilis quidem. Expedita non eos sunt voluptas quo molestiae laboriosam facere. Nostrum rem nostrum quidem.', '', 51, 5, '2022-06-18 09:07:21', '2022-06-18 09:07:21'),
(629, 'Qui consequatur suscipit illum maxime rerum vero est totam. Deserunt non porro non autem quia eos exercitationem. Recusandae et distinctio voluptatum voluptatem odit iste.', '', 53, 4, '2022-06-18 09:07:21', '2022-06-18 09:07:21'),
(630, 'Voluptas eos corporis voluptatem eveniet voluptas eos blanditiis. Facilis quasi sed harum optio corrupti sed soluta temporibus. Et mollitia voluptas sed odio quo ea aperiam. Aut voluptatem aut repellendus suscipit assumenda consequatur alias.', '', 72, 10, '2022-06-18 09:07:21', '2022-06-18 09:07:21'),
(631, 'Reprehenderit sed quo commodi autem. Quis velit repellat quia ratione eligendi omnis est. Dolores voluptatem sit autem esse quidem.', '', 51, 6, '2022-06-18 09:07:21', '2022-06-18 09:07:21'),
(632, 'Autem illo necessitatibus sit ullam debitis quo tempore. Adipisci veritatis nobis rerum quia et.', '', 75, 3, '2022-06-18 09:07:21', '2022-06-18 09:07:21'),
(633, 'Inventore ad non esse soluta voluptatem. Dolor possimus quaerat reprehenderit voluptatem ut fuga adipisci illo. Labore officiis doloribus quam consectetur modi.', '', 49, 3, '2022-06-18 09:07:21', '2022-06-18 09:07:21'),
(634, 'Perspiciatis fuga iure voluptatem. Et similique deserunt cum totam ratione. Mollitia accusantium optio in quis eveniet accusamus aut.', '', 97, 8, '2022-06-18 09:07:21', '2022-06-18 09:07:21'),
(635, 'Aut dolores laudantium alias iste. Delectus qui illo eos. Corporis eos tempore corrupti assumenda voluptatem.', '', 21, 6, '2022-06-18 09:07:21', '2022-06-18 09:07:21'),
(636, 'Laboriosam sint inventore dolorem ut qui nobis dolore eos. Dolore voluptas totam omnis vitae asperiores enim ea. Nihil enim rerum qui soluta quia.', '', 8, 6, '2022-06-18 09:07:21', '2022-06-18 09:07:21'),
(637, 'Rerum rerum cum ea reprehenderit provident. Delectus aliquid unde sint magni quos. Beatae sit magnam facere earum.', '', 44, 4, '2022-06-18 09:07:21', '2022-06-18 09:07:21'),
(638, 'Ipsa necessitatibus temporibus est reprehenderit tempora doloribus pariatur. Qui praesentium quia eaque enim error consequatur. Quia nulla optio fuga voluptatem aut.', '', 43, 10, '2022-06-18 09:07:21', '2022-06-18 09:07:21'),
(639, 'Earum fugiat praesentium laboriosam consequatur totam officiis. A et dicta voluptatem mollitia corporis voluptatibus dolorum. Voluptas impedit delectus incidunt modi ipsa ad. Officiis et repudiandae sit quam rerum maiores enim. Et impedit nihil in tenetur molestias est.', '', 30, 1, '2022-06-18 09:07:21', '2022-06-18 09:07:21'),
(640, 'Nam rerum vel sit veritatis. Fugiat quis aut veritatis sunt provident quia. Quibusdam iusto debitis et et. Voluptatem inventore atque dolores tempore similique magni. Necessitatibus temporibus sint nisi.', '', 41, 3, '2022-06-18 09:07:21', '2022-06-18 09:07:21'),
(641, 'Ab repellat amet minima ipsam architecto libero distinctio. Quibusdam sed iste laudantium eos dolores excepturi.', '', 74, 4, '2022-06-18 09:07:21', '2022-06-18 09:07:21'),
(642, 'Et sed dolorem molestiae qui quaerat consectetur. Earum eaque magnam repellendus pariatur. Molestiae et dolorem ut aut. Officiis aut a vel ut.', '', 18, 6, '2022-06-18 09:07:21', '2022-06-18 09:07:21'),
(643, 'Neque magni illum ut vitae. Est iusto dolore sint excepturi. Quia enim quis voluptatem et et. Corrupti nesciunt iusto earum perferendis.', '', 96, 8, '2022-06-18 09:07:21', '2022-06-18 09:07:21'),
(644, 'Omnis qui quia voluptatem fugit enim distinctio dignissimos. Hic corporis sunt eum quidem animi. Aut modi ut id molestias culpa qui soluta. Enim ipsam tempore incidunt voluptas.', '', 95, 9, '2022-06-18 09:07:21', '2022-06-18 09:07:21'),
(645, 'Tempore repudiandae architecto et id. Dolorum possimus rem quia enim distinctio. Aspernatur quidem odit dolorum.', '', 55, 7, '2022-06-18 09:07:21', '2022-06-18 09:07:21'),
(646, 'Dolores harum aut natus eveniet. Quidem sunt corporis ullam quasi animi. Labore iste qui quod. Dolores sequi quis asperiores et quo consequatur.', '', 10, 6, '2022-06-18 09:07:21', '2022-06-18 09:07:21'),
(647, 'Provident aperiam veritatis sed tenetur est aliquid facere. Aliquam voluptatem omnis at. Tenetur quos odio nihil molestiae sit et ut. Inventore omnis voluptatibus architecto placeat.', '', 100, 7, '2022-06-18 09:07:21', '2022-06-18 09:07:21'),
(648, 'Molestias voluptatem dolor aliquam magni et. Ducimus voluptas in dolores in. Et deleniti exercitationem harum perferendis. Excepturi et blanditiis consequatur pariatur natus explicabo.', '', 84, 8, '2022-06-18 09:07:21', '2022-06-18 09:07:21'),
(649, 'Tempore a eius magnam architecto maxime. Reiciendis nesciunt qui dolores voluptates repudiandae. Praesentium facere eum ut tempore omnis. Iste et vitae deleniti aspernatur. Consequatur quos quibusdam ipsam qui.', '', 86, 8, '2022-06-18 09:07:21', '2022-06-18 09:07:21'),
(650, 'Velit perferendis soluta consequatur voluptatem in officia et. Modi dolores repellendus veritatis neque esse deserunt a dolor. Ad in voluptatibus dolores quisquam. Totam eligendi sint illum qui sed eveniet sit aut. Molestiae voluptatum deserunt et cupiditate non.', '', 70, 1, '2022-06-18 09:07:21', '2022-06-18 09:07:21'),
(651, 'Velit culpa esse ratione debitis nobis optio. Harum necessitatibus autem eius dolor. Officia et quo aliquid enim numquam aliquam.', '', 23, 5, '2022-06-18 09:07:21', '2022-06-18 09:07:21'),
(652, 'Ipsum eos commodi doloribus ad rerum. Voluptas aut tempora quia reprehenderit facilis amet culpa reiciendis.', '', 49, 8, '2022-06-18 09:07:21', '2022-06-18 09:07:21'),
(653, 'Minima minima aut nihil reiciendis iusto. Impedit consequuntur aut et aut.', '', 86, 9, '2022-06-18 09:07:21', '2022-06-18 09:07:21'),
(654, 'Voluptas distinctio voluptatum laboriosam dicta eum mollitia quo. Ex corrupti quas aut. Placeat deserunt minus dolorem enim aut qui voluptates.', '', 50, 1, '2022-06-18 09:07:21', '2022-06-18 09:07:21'),
(655, 'In ad et quisquam nostrum quae ipsam rerum. Numquam ipsa necessitatibus consequatur culpa. Odio deserunt veritatis laborum voluptatibus. Sequi incidunt maxime est tempore temporibus. Quod beatae amet eum veniam distinctio sed possimus.', '', 91, 4, '2022-06-18 09:07:21', '2022-06-18 09:07:21'),
(656, 'Accusantium neque optio ea sed eius culpa. Nesciunt laborum perspiciatis exercitationem est perspiciatis. Officia vero aut sed voluptatum fuga. Vel rem laboriosam magnam fugiat fugit.', '', 89, 9, '2022-06-18 09:07:21', '2022-06-18 09:07:21'),
(657, 'Deleniti ratione ut ut. Voluptatem dignissimos accusamus non est. Expedita quos sunt at qui. Ea sed et consequatur quaerat totam.', '', 53, 7, '2022-06-18 09:07:21', '2022-06-18 09:07:21'),
(658, 'Voluptatem et laboriosam quo illo et. Blanditiis est est voluptate quam sint qui. Consequatur voluptatem minus neque inventore beatae quam corrupti. Rerum consectetur voluptatem at.', '', 92, 3, '2022-06-18 09:07:21', '2022-06-18 09:07:21'),
(659, 'Sit error odio minus sequi accusamus voluptate. Ut consequatur omnis quod rem iste eum. Qui vero vero voluptate.', '', 72, 8, '2022-06-18 09:07:21', '2022-06-18 09:07:21'),
(660, 'Eos non dolorum dolorem nihil eos eaque. At culpa impedit ut quaerat et. Corporis in autem perspiciatis.', '', 98, 10, '2022-06-18 09:07:21', '2022-06-18 09:07:21'),
(661, 'Eum quam aut blanditiis eum. Eius minus suscipit maxime molestias qui. Illum ipsa impedit recusandae et aspernatur nihil aut. Excepturi ut consequatur alias harum.', '', 28, 3, '2022-06-18 09:07:21', '2022-06-18 09:07:21'),
(662, 'Doloribus aut quia minus dolor aut. Omnis voluptate quia totam est. Sunt dolores est ullam numquam sunt impedit. Similique qui excepturi illo explicabo.', '', 92, 8, '2022-06-18 09:07:21', '2022-06-18 09:07:21'),
(663, 'Dolorem nemo vel illum ea sint magni. Omnis eum nihil dignissimos officiis. Et unde et odio illo aut et.', '', 25, 4, '2022-06-18 09:07:21', '2022-06-18 09:07:21'),
(664, 'Quo eius asperiores sunt cumque. Quia voluptatem voluptates nobis veniam. Dolores corporis sunt optio dolor sint aut optio.', '', 91, 1, '2022-06-18 09:07:21', '2022-06-18 09:07:21'),
(665, 'Nisi consequatur illum rem modi distinctio aut. Exercitationem repudiandae labore corrupti rerum maiores nesciunt. Dolorem aut corrupti aut necessitatibus consequatur velit.', '', 83, 8, '2022-06-18 09:07:21', '2022-06-18 09:07:21'),
(666, 'Velit porro nesciunt tempora pariatur. Soluta delectus dolor quas ab sit labore delectus. Quia recusandae ut ut quam. Assumenda nam facere assumenda dolorem.', '', 15, 3, '2022-06-18 09:07:21', '2022-06-18 09:07:21'),
(667, 'Ipsam et eius sed omnis eum. Error suscipit repellat facilis voluptatem beatae dicta nostrum. Minus est praesentium eum vero et autem. Qui minima esse sint maxime nobis provident alias.', '', 77, 7, '2022-06-18 09:07:21', '2022-06-18 09:07:21'),
(668, 'Est odit possimus quos harum quia. Facilis voluptas at libero. Vitae unde consequatur aut rerum repellat architecto culpa.', '', 50, 4, '2022-06-18 09:07:21', '2022-06-18 09:07:21');
INSERT INTO `comments` (`id`, `content`, `title`, `post_id`, `user_id`, `created_at`, `updated_at`) VALUES
(669, 'Doloribus deleniti neque eaque numquam qui. Autem culpa aliquid nemo hic rem nihil est quia. Maxime iste aliquid hic consequuntur. Ut sint aut ipsa consectetur inventore.', '', 88, 9, '2022-06-18 09:07:21', '2022-06-18 09:07:21'),
(670, 'Quam est ducimus eveniet deserunt deserunt. Esse aut sit dignissimos quod nam. Et necessitatibus tenetur vel reiciendis ut soluta nobis.', '', 25, 8, '2022-06-18 09:07:21', '2022-06-18 09:07:21'),
(671, 'Et velit voluptatum in non. Soluta est est quos architecto fugit cum modi voluptatem. Qui ipsa sit odio.', '', 85, 10, '2022-06-18 09:07:21', '2022-06-18 09:07:21'),
(672, 'In velit qui aut. Aperiam enim sequi itaque porro quam sequi. Aut consequuntur aspernatur facere assumenda beatae. Beatae voluptas blanditiis eligendi aut.', '', 80, 3, '2022-06-18 09:07:21', '2022-06-18 09:07:21'),
(673, 'Et voluptatem voluptatem consequatur molestias voluptates sunt tempore. Et dignissimos molestiae minus recusandae facere ab. Vel quas non magni molestiae ab. Voluptatem eius reprehenderit facilis quia eligendi.', '', 13, 5, '2022-06-18 09:07:21', '2022-06-18 09:07:21'),
(674, 'Sequi rem aliquam error. Alias explicabo vitae excepturi ea. Et officia quam in architecto rerum. Architecto officiis optio fugiat placeat molestias.', '', 69, 7, '2022-06-18 09:07:21', '2022-06-18 09:07:21'),
(675, 'Facere impedit eveniet doloremque dolores perferendis nulla rem. Minima cum unde aut autem sit. Inventore tenetur quaerat minima voluptatum sequi rem.', '', 69, 9, '2022-06-18 09:07:21', '2022-06-18 09:07:21'),
(676, 'Similique sit sint est veritatis a iusto doloremque. Labore quis non dicta et et nihil officia. Et molestias aut nobis et. Est magnam consequatur et quis autem fugiat.', '', 100, 7, '2022-06-18 09:07:21', '2022-06-18 09:07:21'),
(677, 'Voluptatibus eum facilis sint. Impedit id ipsa doloremque reiciendis odit aut optio maxime. Ea voluptatibus sit impedit quia voluptatibus natus sed.', '', 33, 8, '2022-06-18 09:07:21', '2022-06-18 09:07:21'),
(678, 'Architecto dolor nisi qui placeat itaque nesciunt. Omnis maiores veritatis et eligendi aspernatur. Ipsa beatae error voluptas consequatur nobis sunt sint. Et sed laudantium sunt.', '', 94, 10, '2022-06-18 09:07:21', '2022-06-18 09:07:21'),
(679, 'Repudiandae vero non cumque occaecati reiciendis. Ea dignissimos officiis iste. Necessitatibus sit neque nihil ut quaerat est. Placeat suscipit voluptate at dolores eius recusandae.', '', 30, 2, '2022-06-18 09:07:21', '2022-06-18 09:07:21'),
(680, 'Ipsum ut pariatur debitis et et deserunt aut officiis. Facilis harum nostrum ducimus eveniet. Voluptatem qui aut nisi aliquid occaecati.', '', 57, 8, '2022-06-18 09:07:21', '2022-06-18 09:07:21'),
(681, 'Et eveniet consectetur voluptatem adipisci quos occaecati. Reiciendis reiciendis quia suscipit incidunt iste enim. Rerum dolor tempora aut veritatis aperiam quos eum.', '', 26, 7, '2022-06-18 09:07:21', '2022-06-18 09:07:21'),
(682, 'Deserunt alias aperiam fugit dolorem corrupti aspernatur ipsam. In dignissimos temporibus exercitationem assumenda non non nihil cum. Mollitia aut tempora reprehenderit. Sed qui eveniet odit similique aut similique.', '', 52, 5, '2022-06-18 09:07:21', '2022-06-18 09:07:21'),
(683, 'Repellendus dolores sed et enim similique tempora. Vitae omnis ducimus hic aut et. Itaque omnis odit occaecati placeat enim. Quos tenetur earum sed sunt ut.', '', 47, 9, '2022-06-18 09:07:21', '2022-06-18 09:07:21'),
(684, 'Consequatur omnis consequatur velit debitis temporibus. Laboriosam consequatur unde deleniti totam voluptates. Molestiae soluta aut nihil aut enim sapiente.', '', 14, 10, '2022-06-18 09:07:21', '2022-06-18 09:07:21'),
(685, 'Id ut quo expedita id distinctio a. Est architecto soluta molestiae repellendus eos.', '', 90, 9, '2022-06-18 09:07:21', '2022-06-18 09:07:21'),
(686, 'Ea tenetur culpa sed dicta consequatur perspiciatis. Tempore quia ut ut aut maxime deserunt ex. Maiores modi vel et quis dolorum enim. Dolores officia omnis est corrupti autem.', '', 79, 2, '2022-06-18 09:07:21', '2022-06-18 09:07:21'),
(687, 'Voluptatem iusto ipsam consectetur totam sequi dolor. Necessitatibus fugiat nihil assumenda modi rerum dolores. Sunt incidunt id qui cumque. Veniam ea expedita eum ut quae ex autem. Omnis accusantium id quibusdam ea dicta quam.', '', 79, 2, '2022-06-18 09:07:21', '2022-06-18 09:07:21'),
(688, 'Amet accusantium occaecati sit incidunt dolorum enim sed dolores. Sit iure perspiciatis sunt asperiores.', '', 48, 6, '2022-06-18 09:07:21', '2022-06-18 09:07:21'),
(689, 'Voluptatibus eius rerum adipisci libero occaecati consequatur doloremque. Ut dignissimos cupiditate officiis enim nesciunt sit. Qui consequatur sed voluptatum sit dignissimos. Ab ullam non aperiam ab ex accusantium.', '', 38, 8, '2022-06-18 09:07:21', '2022-06-18 09:07:21'),
(690, 'Assumenda dolores id cumque cupiditate qui nam nulla. Sequi rem et error vitae dolorem qui in. Rem et autem eos adipisci explicabo.', '', 74, 9, '2022-06-18 09:07:21', '2022-06-18 09:07:21'),
(691, 'Sit quo esse ut et alias animi. Corrupti expedita non animi consequatur aspernatur aut quis occaecati. Deserunt totam est cum. Quae doloribus veritatis quo dicta cumque sed occaecati.', '', 11, 7, '2022-06-18 09:07:21', '2022-06-18 09:07:21'),
(692, 'Aut officiis nisi voluptate voluptatem quaerat debitis. Quibusdam odio sunt numquam dolores. Minus explicabo suscipit veritatis ut. Laboriosam provident omnis quam voluptatum laborum inventore.', '', 93, 8, '2022-06-18 09:07:21', '2022-06-18 09:07:21'),
(693, 'Est magni occaecati nihil eius. Iusto labore tenetur incidunt atque et omnis. Facilis necessitatibus odio pariatur et.', '', 57, 8, '2022-06-18 09:07:21', '2022-06-18 09:07:21'),
(694, 'Molestias nihil ut odit est vitae esse non. Ducimus temporibus odit dolorem reiciendis. Deserunt perspiciatis eos aut sit.', '', 32, 7, '2022-06-18 09:07:21', '2022-06-18 09:07:21'),
(695, 'Culpa veniam harum velit nostrum consequatur debitis. Sint quaerat vel dolor tempore. Aut dicta aut nemo debitis.', '', 55, 10, '2022-06-18 09:07:21', '2022-06-18 09:07:21'),
(696, 'Corrupti rerum sint mollitia voluptas velit. Blanditiis totam iste sit ducimus corrupti iste commodi. Ad sint quia est aut.', '', 33, 5, '2022-06-18 09:07:21', '2022-06-18 09:07:21'),
(697, 'Doloremque corporis recusandae iure. Dolorem perferendis dolorem voluptas velit. Eum nulla et iste fugit. Sint quod est ut nobis.', '', 26, 3, '2022-06-18 09:07:21', '2022-06-18 09:07:21'),
(698, 'Porro alias rerum sed voluptatibus. Quo dolorem magnam ducimus quis id aut earum. Nostrum voluptatem cupiditate asperiores.', '', 9, 10, '2022-06-18 09:07:21', '2022-06-18 09:07:21'),
(699, 'Tempore a dolores ut fugiat illo provident. Eum quisquam corrupti architecto veritatis sed. Consequatur impedit voluptatibus suscipit qui voluptates.', '', 56, 4, '2022-06-18 09:07:21', '2022-06-18 09:07:21'),
(700, 'Dolores sit nihil enim autem fuga alias. Illum quas enim quia sapiente molestias. Atque nihil quas omnis earum tenetur omnis aut autem.', '', 95, 10, '2022-06-18 09:07:21', '2022-06-18 09:07:21'),
(701, 'Qui nesciunt officiis fugiat praesentium est distinctio. Consequatur nam quo animi tempora. In ipsum ratione aliquam voluptatem ducimus natus. Necessitatibus officiis vero perspiciatis ex eum nemo rerum. Aperiam eius molestiae dolor consequatur ea molestiae.', '', 99, 5, '2022-06-18 09:07:21', '2022-06-18 09:07:21'),
(702, 'Consequatur quisquam quisquam ea est numquam et. Minima fugiat delectus placeat corrupti beatae recusandae. Necessitatibus veniam debitis fugit asperiores quaerat vitae maxime nihil. Quidem sit recusandae eos deleniti provident.', '', 80, 10, '2022-06-18 09:07:21', '2022-06-18 09:07:21'),
(703, 'Libero voluptas dolorem quod natus repudiandae sapiente. Amet voluptas eius officiis laudantium voluptas optio. Quia est omnis voluptates provident perspiciatis repudiandae. Voluptas aut nulla autem nisi consequuntur exercitationem. Error eos voluptatem laboriosam voluptate et placeat dolor.', '', 69, 8, '2022-06-18 09:07:21', '2022-06-18 09:07:21'),
(704, 'Dolorum at qui molestiae in adipisci voluptatum. Sit veritatis ut numquam rerum. Tempore quod rerum sed iusto quaerat. Animi nobis enim voluptate aut ipsa doloremque id.', '', 13, 10, '2022-06-18 09:07:21', '2022-06-18 09:07:21'),
(705, 'Illum et nobis nihil alias. Ratione itaque neque repellat magnam placeat. Officia vel hic velit repudiandae a est fugiat. Eum qui sunt non tempore perspiciatis esse molestiae est.', '', 72, 6, '2022-06-18 09:07:21', '2022-06-18 09:07:21'),
(706, 'Alias ullam ullam non. Laudantium velit deserunt ad ut et. Nulla rerum qui eum molestiae. Ut beatae inventore voluptatem nihil doloribus.', '', 56, 4, '2022-06-18 09:07:21', '2022-06-18 09:07:21'),
(707, 'Exercitationem perferendis facilis molestiae occaecati ducimus et enim. Voluptate eveniet modi natus similique aut distinctio omnis. Quam temporibus possimus placeat consequuntur velit. Soluta expedita tempora in libero accusantium est.', '', 10, 1, '2022-06-18 09:07:21', '2022-06-18 09:07:21'),
(708, 'Quisquam id tenetur et repellendus eius asperiores. Sed vitae rerum iste qui quia sequi aut est. Consequatur laudantium similique qui molestiae soluta ipsa ut.', '', 37, 10, '2022-06-18 09:07:21', '2022-06-18 09:07:21'),
(709, 'Reiciendis nihil aut ratione animi delectus rerum rerum. Distinctio in iure provident reprehenderit velit eum ipsum. Laboriosam doloribus sint provident quaerat velit. Nesciunt unde voluptatem id in.', '', 65, 9, '2022-06-18 09:07:21', '2022-06-18 09:07:21'),
(710, 'Porro ut molestiae voluptatibus qui asperiores ea quos. Odit aut qui velit eveniet veniam maiores.', '', 92, 9, '2022-06-18 09:07:21', '2022-06-18 09:07:21'),
(711, 'Et rerum nisi voluptas rerum. Voluptatum dolorem occaecati quis. Perspiciatis est aliquam quo eos quos. Necessitatibus quidem sunt molestias. Id veritatis sunt ratione magni accusamus nihil enim.', '', 67, 9, '2022-06-18 09:07:21', '2022-06-18 09:07:21'),
(712, 'Ea consequatur at deserunt dolore facere optio. Exercitationem voluptatem quae velit iusto omnis non. Quod autem commodi omnis illo excepturi eaque architecto distinctio.', '', 44, 6, '2022-06-18 09:07:21', '2022-06-18 09:07:21'),
(713, 'Aspernatur vero esse quasi eligendi rerum. Illum nihil eum quod et ad. Sint occaecati veniam tempore aliquid facere sequi harum. Cupiditate qui nesciunt voluptate.', '', 98, 7, '2022-06-18 09:07:21', '2022-06-18 09:07:21'),
(714, 'Beatae fugiat est aperiam voluptates. Molestiae quos quis maiores sunt et. Qui quia labore a repellendus similique dolores impedit quis.', '', 49, 6, '2022-06-18 09:07:21', '2022-06-18 09:07:21'),
(715, 'Perferendis animi voluptas ut est. Rerum distinctio sequi et quaerat harum. Atque dolores quis est et quia qui sunt quaerat.', '', 99, 4, '2022-06-18 09:07:21', '2022-06-18 09:07:21'),
(716, 'Quia reprehenderit et impedit molestias quis nobis. Nobis commodi delectus quod et. Minus eligendi totam ut nemo ut corrupti. Sequi culpa voluptatem quos consectetur cumque quia ut.', '', 52, 7, '2022-06-18 09:07:21', '2022-06-18 09:07:21'),
(717, 'Tempora aut saepe ipsum quibusdam hic. Laboriosam ut aliquam iusto harum qui veniam. Laudantium sit fuga cupiditate aut aut sit. Itaque maxime numquam aut dolores distinctio.', '', 81, 10, '2022-06-18 09:07:21', '2022-06-18 09:07:21'),
(718, 'Incidunt voluptatibus est deserunt ea magni placeat esse. Voluptas magnam eius rem quis explicabo. Nulla sunt est cupiditate aspernatur dolores perspiciatis veniam.', '', 59, 5, '2022-06-18 09:07:21', '2022-06-18 09:07:21'),
(719, 'Dolor molestiae neque corrupti debitis dicta voluptatem quisquam. Laborum natus sapiente amet aut perspiciatis quia vitae. Voluptas aliquid sint facilis corporis adipisci iusto quis. Modi et repellat optio optio perferendis velit.', '', 100, 5, '2022-06-18 09:07:21', '2022-06-18 09:07:21'),
(720, 'Dicta similique nostrum sed aut voluptatem. Et non porro sunt. Saepe adipisci expedita dolorum rerum est rerum.', '', 67, 10, '2022-06-18 09:07:21', '2022-06-18 09:07:21'),
(721, 'Voluptatibus non est et aspernatur maxime occaecati recusandae ducimus. Minima nemo incidunt voluptatem deserunt adipisci repellat. Qui perspiciatis natus nesciunt exercitationem explicabo. Quisquam voluptatem dolorem delectus aliquid.', '', 96, 1, '2022-06-18 09:07:21', '2022-06-18 09:07:21'),
(722, 'Odio quae rerum assumenda quo quam. Necessitatibus accusantium minima nemo et corrupti neque. Assumenda impedit facilis molestias atque necessitatibus voluptas dolorum.', '', 87, 8, '2022-06-18 09:07:21', '2022-06-18 09:07:21'),
(723, 'Minima sit necessitatibus veniam et quo fugiat dolorum. Harum accusamus fugit autem atque. Exercitationem voluptas cum magni aperiam quibusdam. Iure laudantium totam omnis molestias molestiae.', '', 47, 4, '2022-06-18 09:07:21', '2022-06-18 09:07:21'),
(724, 'Et illum sunt ullam. Velit qui quaerat occaecati dolores et rerum mollitia molestiae. Itaque occaecati aut distinctio veniam non laudantium laboriosam.', '', 41, 5, '2022-06-18 09:07:21', '2022-06-18 09:07:21'),
(725, 'Laudantium labore id error pariatur deleniti ut necessitatibus repellendus. Vitae et possimus esse. Distinctio itaque natus est itaque quae.', '', 99, 10, '2022-06-18 09:07:21', '2022-06-18 09:07:21'),
(726, 'Nesciunt inventore est fugiat deserunt placeat amet earum. Et magni qui corporis nostrum eum qui quae. Voluptas nemo tenetur numquam repudiandae et natus aut.', '', 8, 9, '2022-06-18 09:07:21', '2022-06-18 09:07:21'),
(727, 'Aut rerum et quia excepturi. In sit expedita iste cumque non perspiciatis eum. Odit animi et dicta. A quas explicabo sapiente.', '', 13, 3, '2022-06-18 09:07:21', '2022-06-18 09:07:21'),
(728, 'Omnis sapiente ullam ut dolorem veritatis. Iure error ut similique est voluptatem. Impedit sit amet molestiae aut expedita aliquam.', '', 28, 1, '2022-06-18 09:07:21', '2022-06-18 09:07:21'),
(729, 'Corrupti doloribus quo quia placeat praesentium quo sed recusandae. Ullam harum quaerat saepe molestias distinctio. Omnis dicta quia reprehenderit sunt qui consectetur quod.', '', 64, 1, '2022-06-18 09:07:21', '2022-06-18 09:07:21'),
(730, 'Doloremque aliquam voluptatem mollitia. Unde nemo libero enim vero non. Tempore impedit minima eaque eligendi molestias.', '', 50, 4, '2022-06-18 09:07:21', '2022-06-18 09:07:21'),
(731, 'Et aut sed voluptatem. Sit nostrum eaque eius. Voluptates nihil accusantium at dolorem. Voluptas ut ducimus neque ducimus atque aspernatur.', '', 56, 5, '2022-06-18 09:07:21', '2022-06-18 09:07:21'),
(732, 'Officiis dolorem officiis cumque iure. Et omnis velit modi alias rerum quaerat. Nemo unde autem non eos tempore odit ex.', '', 54, 4, '2022-06-18 09:07:21', '2022-06-18 09:07:21'),
(733, 'Aliquid dolores enim et consequatur. Assumenda quia aut architecto commodi cupiditate. Ea at et aut magni et sit magnam.', '', 39, 7, '2022-06-18 09:07:21', '2022-06-18 09:07:21'),
(734, 'Laudantium nam consectetur ab dolore iure. Iste repellat omnis totam et et. Repellat voluptatibus quia officiis alias et omnis accusantium.', '', 12, 1, '2022-06-18 09:07:21', '2022-06-18 09:07:21'),
(735, 'Est nesciunt ea quo minus porro rerum alias. Aliquid soluta quasi repudiandae ut doloremque et iure. Molestias non voluptatem quisquam occaecati numquam maxime. Dolorem dolor non rerum necessitatibus voluptatem.', '', 47, 9, '2022-06-18 09:07:21', '2022-06-18 09:07:21'),
(736, 'Est nihil molestiae aspernatur qui id enim ad. Ea voluptates ipsam necessitatibus libero quaerat cum. In magnam voluptates cupiditate sapiente nihil nisi inventore voluptatibus. Velit dolor labore dolore accusantium expedita.', '', 40, 3, '2022-06-18 09:07:21', '2022-06-18 09:07:21'),
(737, 'Quo quis sunt sapiente. Aut perferendis fugit voluptate asperiores est. Sit dolores animi odit incidunt est quam. Cumque ea aut rerum dolor.', '', 31, 3, '2022-06-18 09:07:21', '2022-06-18 09:07:21'),
(738, 'Similique asperiores deleniti sit nobis reiciendis. Laborum temporibus quibusdam quia sit ut molestias perspiciatis sint. Ratione sequi est aliquid nihil occaecati. Nam debitis inventore cumque inventore eum modi et. Aliquid expedita ducimus eum reiciendis quaerat quia sit.', '', 12, 10, '2022-06-18 09:07:21', '2022-06-18 09:07:21'),
(739, 'Id quia voluptatem velit itaque est eveniet iusto. Ex temporibus sunt iure. Ut architecto dicta voluptatibus id sunt in.', '', 94, 9, '2022-06-18 09:07:21', '2022-06-18 09:07:21'),
(740, 'Occaecati nihil facere in nemo veniam. Necessitatibus natus laudantium eum aut. Quod provident consequatur alias eius. Adipisci dolorum assumenda repellendus provident quod sit voluptatem. Nulla voluptates et est rerum.', '', 98, 7, '2022-06-18 09:07:21', '2022-06-18 09:07:21'),
(741, 'Laborum quisquam ipsum autem. Voluptas quia consectetur quam molestiae et. Corporis tempora earum excepturi sint.', '', 99, 9, '2022-06-18 09:07:21', '2022-06-18 09:07:21'),
(742, 'Rem consequuntur sunt a et. In reprehenderit magni sapiente omnis tenetur. Ut distinctio suscipit est blanditiis non rem. Veritatis autem sequi voluptas quidem voluptatem.', '', 30, 4, '2022-06-18 09:07:21', '2022-06-18 09:07:21'),
(743, 'Ut numquam quo atque. Asperiores velit autem consectetur aspernatur consequuntur natus beatae. Dicta quaerat ut mollitia. Dolor aut autem voluptatibus amet odit.', '', 80, 9, '2022-06-18 09:07:21', '2022-06-18 09:07:21'),
(744, 'Corporis illo voluptatem exercitationem deleniti inventore sapiente. Laborum laudantium tempora harum aspernatur dolor porro. In quasi aliquid omnis. Sit officiis nostrum est quo autem voluptatem ex.', '', 68, 6, '2022-06-18 09:07:21', '2022-06-18 09:07:21'),
(745, 'Repellat eos a laboriosam expedita quod. Iusto aperiam voluptas repudiandae in. At tempora sit quaerat quo et quidem inventore.', '', 96, 10, '2022-06-18 09:07:21', '2022-06-18 09:07:21'),
(746, 'Sint debitis distinctio optio autem assumenda voluptate dolorem. Et labore eaque adipisci eum. Est consequatur odit delectus quia quis. Excepturi sint sequi voluptatem vel facere.', '', 75, 3, '2022-06-18 09:07:21', '2022-06-18 09:07:21'),
(747, 'Dolores mollitia et eos dolores. Voluptate consequatur ea aperiam cupiditate. Voluptas perferendis et doloribus et exercitationem repellat.', '', 72, 3, '2022-06-18 09:07:21', '2022-06-18 09:07:21'),
(748, 'Aut et consequatur tenetur quis unde et cumque non. Quidem cum sapiente quod autem tempora optio voluptatibus quaerat. Consequatur dicta quibusdam quos cum aut.', '', 95, 7, '2022-06-18 09:07:21', '2022-06-18 09:07:21'),
(749, 'Distinctio omnis est eos ullam nulla qui. Reprehenderit odit quo delectus culpa ea. Enim voluptatibus laborum deserunt quam ratione molestiae deserunt. Et ut ut itaque natus.', '', 54, 3, '2022-06-18 09:07:21', '2022-06-18 09:07:21'),
(750, 'Quo magnam harum harum ea recusandae molestiae. Rerum doloribus maiores corrupti iusto quo.', '', 74, 2, '2022-06-18 09:07:21', '2022-06-18 09:07:21'),
(751, 'Et fugit facilis corrupti sed iste. Incidunt ea vero vero nam. Dolor numquam laudantium vel voluptates. Corporis voluptatem animi aut aut.', '', 87, 10, '2022-06-18 09:07:21', '2022-06-18 09:07:21'),
(752, 'A optio praesentium sit voluptates quasi velit. Ipsa qui fugiat est tenetur. Consequatur similique sunt et fugit. Dolorem laboriosam ducimus accusamus ut.', '', 32, 8, '2022-06-18 09:07:21', '2022-06-18 09:07:21'),
(753, 'Voluptate et omnis harum. Debitis iste atque qui cum nam. Omnis perferendis facilis dolorem qui. Autem distinctio unde hic odio voluptatem illo ut.', '', 76, 4, '2022-06-18 09:07:21', '2022-06-18 09:07:21'),
(754, 'Nihil quod commodi dolores dicta. Et rem sit nam consectetur molestiae soluta eius. Temporibus ea voluptatum ea iusto explicabo.', '', 90, 9, '2022-06-18 09:07:21', '2022-06-18 09:07:21'),
(755, 'Voluptas est aut fugiat suscipit quasi molestias inventore sapiente. Dignissimos et porro voluptas sunt enim soluta. Voluptates facere voluptatibus doloremque quia expedita blanditiis.', '', 52, 1, '2022-06-18 09:07:21', '2022-06-18 09:07:21'),
(756, 'Officiis perspiciatis eaque modi totam sequi quia. Et quae nam et cum natus libero. Ex voluptas qui fugiat est sed. Nesciunt autem saepe tenetur sequi animi est autem sit.', '', 75, 10, '2022-06-18 09:07:21', '2022-06-18 09:07:21'),
(757, 'Nisi ipsum ut iure aut est. Quisquam voluptatem incidunt consequuntur odio non suscipit. Laudantium quod omnis distinctio mollitia aliquid doloremque minus.', '', 31, 6, '2022-06-18 09:07:21', '2022-06-18 09:07:21'),
(758, 'In in modi est maiores rem cumque corporis. Odit a est voluptatibus aut ut consequatur nostrum. Atque numquam repellendus repellendus sed dignissimos laborum. Id aliquam quia eaque repellat non qui earum omnis. Consequatur consequuntur itaque cum quaerat et sit assumenda.', '', 89, 4, '2022-06-18 09:07:21', '2022-06-18 09:07:21'),
(759, 'Dolores temporibus sint dolor laboriosam itaque perferendis voluptatem. In harum qui placeat vitae ea voluptates placeat. Sint debitis voluptatem nihil et est. Doloribus exercitationem eos sed provident omnis.', '', 75, 8, '2022-06-18 09:07:21', '2022-06-18 09:07:21'),
(760, 'Cum soluta et deserunt laborum. Dolores aspernatur id consequuntur nobis vel sint. Voluptatem temporibus corporis cumque ea ut quis et. Nulla quisquam non eum sunt excepturi.', '', 72, 2, '2022-06-18 09:07:21', '2022-06-18 09:07:21'),
(761, 'Aperiam mollitia similique id eveniet consequatur. Quod qui est quia minus ea. Et eum fuga eligendi voluptate recusandae.', '', 94, 4, '2022-06-18 09:07:21', '2022-06-18 09:07:21'),
(762, 'Voluptatibus dolore quo omnis cupiditate et cum. Repellendus eligendi harum neque reiciendis sit illum non. Veritatis praesentium nemo corrupti non deleniti sed autem. Aut dolore amet molestias.', '', 97, 4, '2022-06-18 09:07:21', '2022-06-18 09:07:21'),
(763, 'Quos et rerum omnis. Earum adipisci debitis et fugit natus harum. Non nihil quaerat facere et. Quia nihil optio voluptatem dolorem vero.', '', 75, 7, '2022-06-18 09:07:21', '2022-06-18 09:07:21'),
(764, 'Perspiciatis ut et vel eos suscipit tempora officia. Quis eum consectetur libero earum sed omnis commodi. Eveniet sed sunt qui. Molestiae et quisquam excepturi.', '', 94, 5, '2022-06-18 09:07:21', '2022-06-18 09:07:21'),
(765, 'Quaerat perspiciatis praesentium et. Tempore vel saepe blanditiis iusto consequuntur. Quis accusantium deleniti eveniet ex. Nisi doloremque rerum debitis.', '', 91, 9, '2022-06-18 09:07:21', '2022-06-18 09:07:21'),
(766, 'Laborum in in cumque ab veritatis incidunt rerum. Esse maxime et quis voluptatibus voluptatem molestiae. In eos voluptas nobis quos consequatur nemo.', '', 19, 7, '2022-06-18 09:07:21', '2022-06-18 09:07:21'),
(767, 'Officia est debitis asperiores aut excepturi alias. Commodi non consectetur voluptatem consequatur fuga et repellendus.', '', 80, 7, '2022-06-18 09:07:21', '2022-06-18 09:07:21'),
(768, 'Blanditiis totam et ut quaerat enim voluptate ratione. Iste architecto nisi expedita non. Dolorem debitis expedita quae est temporibus voluptas quod aut. Omnis alias sapiente deleniti.', '', 87, 8, '2022-06-18 09:07:21', '2022-06-18 09:07:21'),
(769, 'Deleniti deserunt explicabo illo architecto qui. Tempora laboriosam voluptate ipsa doloremque autem. Est omnis odit quas rem quis similique. Quidem dolores ex atque voluptatum.', 'title comment', 71, 10, '2022-06-18 09:07:21', '2022-06-18 09:07:21'),
(770, 'Esse non porro qui fugiat. Voluptatem animi aperiam voluptatem perferendis aspernatur occaecati cupiditate. Dolor consectetur rerum doloribus illum tempore. Mollitia neque itaque distinctio ipsam ducimus.', '', 26, 2, '2022-06-18 09:07:21', '2022-06-18 09:07:21'),
(771, 'Et dolores ut magni molestiae. Incidunt dolorem veritatis qui assumenda nostrum quaerat quo. Officiis tempora aut alias sed a rem necessitatibus. Omnis ducimus culpa cupiditate et eius blanditiis qui reiciendis.', '', 81, 8, '2022-06-18 09:07:21', '2022-06-18 09:07:21'),
(772, 'Corrupti quibusdam ullam alias non. Aperiam perferendis ut dolore dolores qui minus repudiandae. Laborum tenetur porro atque dolores voluptatem molestiae et omnis. Et fugit odit voluptates velit. Ad quia enim hic quam deserunt sunt dolor.', '', 31, 8, '2022-06-18 09:07:21', '2022-06-18 09:07:21'),
(773, 'Enim qui qui non excepturi vel. Eum adipisci voluptas eligendi adipisci cumque. Itaque aut optio placeat libero. Suscipit eius provident a dolore eveniet.', '', 49, 2, '2022-06-18 09:07:21', '2022-06-18 09:07:21'),
(774, 'Accusamus cum architecto consequatur est modi autem est. Velit vel dolorem consequuntur. Voluptas quo enim eius inventore et.', '', 33, 10, '2022-06-18 09:07:21', '2022-06-18 09:07:21'),
(775, 'Odio ut nihil maiores odio. Cumque repudiandae non perspiciatis aspernatur nisi et soluta omnis. Beatae eum dolor iste et. Quod ut impedit quasi. Dignissimos sunt voluptatem quis voluptatibus eius et.', '', 45, 1, '2022-06-18 09:07:21', '2022-06-18 09:07:21'),
(776, 'Consectetur accusamus qui modi magni est possimus. Maxime reiciendis nesciunt quia ab. Ut similique qui repellendus non neque aut laboriosam.', '', 50, 8, '2022-06-18 09:07:21', '2022-06-18 09:07:21'),
(777, 'Suscipit soluta ut occaecati quia deleniti laboriosam quaerat voluptates. Accusamus modi magni dolor vero.', '', 87, 2, '2022-06-18 09:07:21', '2022-06-18 09:07:21'),
(778, 'Dicta qui incidunt assumenda consequatur quae quia rerum. Sed sequi nemo est consequuntur.', '', 61, 10, '2022-06-18 09:07:21', '2022-06-18 09:07:21'),
(779, 'Illum et beatae et incidunt dolorem est quibusdam. Asperiores pariatur aut voluptate aut laboriosam qui id distinctio. Adipisci non ut sint magnam. Vel autem magni ea qui.', '', 22, 6, '2022-06-18 09:07:21', '2022-06-18 09:07:21'),
(780, 'Omnis nemo accusantium magnam repudiandae sit qui voluptates. Iusto ad exercitationem ratione est. Amet distinctio exercitationem ipsam. Et ut autem doloribus.', '', 55, 9, '2022-06-18 09:07:21', '2022-06-18 09:07:21'),
(781, 'Perferendis pariatur vero voluptates dolores. Doloremque et voluptatum ullam cumque. Quae nihil nam delectus asperiores magni itaque.', '', 46, 6, '2022-06-18 09:07:21', '2022-06-18 09:07:21'),
(782, 'Autem nostrum blanditiis est quisquam. Cumque molestiae at non aliquid molestiae delectus dolore. Qui occaecati omnis ut praesentium omnis veniam.', '', 69, 7, '2022-06-18 09:07:21', '2022-06-18 09:07:21'),
(783, 'Tempora quam voluptatem recusandae. Deserunt ea et cupiditate voluptatum reprehenderit. Ipsa minus incidunt voluptas est quos cupiditate. Id labore pariatur quo sint qui et ut.', '', 80, 10, '2022-06-18 09:07:21', '2022-06-18 09:07:21'),
(784, 'Omnis iste dolor ipsa a. Ab eos nihil tempore est totam. Animi possimus assumenda rem.', '', 80, 10, '2022-06-18 09:07:21', '2022-06-18 09:07:21'),
(785, 'Modi odio quis eos nam aut. Corrupti qui veritatis fuga. Sit architecto facere porro quisquam praesentium ut minus sed. Ut accusamus cum doloremque unde dolores.', '', 72, 7, '2022-06-18 09:07:21', '2022-06-18 09:07:21'),
(786, 'Sunt voluptas libero autem officiis. Rerum sed accusantium et.', '', 50, 8, '2022-06-18 09:07:21', '2022-06-18 09:07:21'),
(787, 'Officia tempora et in aspernatur placeat praesentium non itaque. Possimus illum exercitationem id quis. Fuga aliquid inventore reiciendis.', '', 99, 10, '2022-06-18 09:07:21', '2022-06-18 09:07:21'),
(788, 'Optio at ex nesciunt et. Ipsa veniam nobis totam ut dolorem voluptatem reprehenderit aut.', '', 51, 5, '2022-06-18 09:07:21', '2022-06-18 09:07:21'),
(789, 'Ratione reprehenderit necessitatibus sit numquam. Id sapiente in dicta id ullam ipsa sit fuga. Ut voluptatem occaecati placeat dolorum nam impedit consequatur. Iusto temporibus assumenda reiciendis dolorum est.', '', 98, 7, '2022-06-18 09:07:21', '2022-06-18 09:07:21'),
(790, 'Error eum enim eaque et. Voluptatum fugit enim assumenda nemo aspernatur consequatur. Vel et omnis quaerat molestiae provident.', '', 69, 6, '2022-06-18 09:07:21', '2022-06-18 09:07:21'),
(791, 'Voluptatem blanditiis sit sit est quia et. Sapiente veniam placeat eveniet sequi. Sed quia natus ut ipsum quia iusto. Voluptates occaecati et sunt est. Nam eveniet quis eligendi.', '', 98, 4, '2022-06-18 09:07:21', '2022-06-18 09:07:21'),
(792, 'Porro distinctio illo dignissimos animi labore dolores nemo. Ea provident magnam magni et corrupti quidem accusantium. Qui quidem qui itaque reiciendis qui eum. Omnis voluptatem minima et occaecati nisi in cupiditate.', '', 49, 10, '2022-06-18 09:07:21', '2022-06-18 09:07:21'),
(793, 'Deserunt et laboriosam ut voluptatibus porro tempora. Alias quia ipsum vel facilis maiores velit totam. Nobis perferendis nihil corporis qui possimus. Molestiae error non sed dolorum voluptatum molestias.', '', 28, 3, '2022-06-18 09:07:21', '2022-06-18 09:07:21'),
(794, 'Soluta facere dolores nihil cupiditate. Optio nostrum adipisci enim.', '', 85, 6, '2022-06-18 09:07:21', '2022-06-18 09:07:21'),
(795, 'Qui blanditiis fuga facere et a consectetur. Nam minus minus corporis laboriosam aut iste. Praesentium aperiam aliquid iste maiores et.', '', 28, 10, '2022-06-18 09:07:21', '2022-06-18 09:07:21'),
(796, 'Itaque dolorem excepturi neque unde. Soluta quia praesentium ut qui aut atque inventore. Blanditiis corporis voluptatem ab tempora.', '', 6, 2, '2022-06-18 09:07:21', '2022-06-18 09:07:21'),
(797, 'Numquam sequi vero enim asperiores. Doloremque nam placeat ducimus consectetur.', '', 11, 4, '2022-06-18 09:07:21', '2022-06-18 09:07:21'),
(798, 'Sit ut corrupti quas error. Suscipit dolorum dolorem quod repellat cupiditate eveniet.', '', 19, 10, '2022-06-18 09:07:21', '2022-06-18 09:07:21'),
(799, 'Velit deserunt exercitationem labore officiis et. Adipisci quia non earum illo et veritatis. Minima debitis similique accusantium rem. Dolores quia quis est porro quia est.', '', 52, 7, '2022-06-18 09:07:21', '2022-06-18 09:07:21'),
(800, 'Quia odit quaerat quia id. Quo ut aut id quaerat distinctio illum. Aliquid sequi laudantium eum adipisci sed aut.', '', 91, 3, '2022-06-18 09:07:21', '2022-06-18 09:07:21'),
(801, 'Alias architecto quo velit non odio ratione ad. Fuga temporibus in sit culpa qui. Sequi optio rem suscipit quod. Quia autem atque necessitatibus nam. Quia eius voluptas quaerat consequuntur eos quo exercitationem nisi.', '', 82, 10, '2022-06-18 09:07:21', '2022-06-18 09:07:21'),
(802, 'Esse eveniet rem excepturi molestiae quasi rerum consequatur alias. Pariatur fugit eos sit modi adipisci velit architecto et. Placeat quo cumque eos quo. Laborum et et qui.', '', 87, 6, '2022-06-18 09:07:21', '2022-06-18 09:07:21'),
(803, 'Et quo iusto est vel animi accusantium. Culpa itaque ducimus facere doloremque. Ipsam dolorem quam impedit nesciunt molestias optio voluptatem aliquam.', '', 31, 2, '2022-06-18 09:07:21', '2022-06-18 09:07:21'),
(804, 'Eaque in dolores esse quia consequatur itaque ratione. Nulla at est enim in. Quis laborum veniam libero odit provident qui.', '', 56, 4, '2022-06-18 09:07:21', '2022-06-18 09:07:21'),
(805, 'Rerum error exercitationem saepe. Quasi fugiat sunt sit asperiores quae. Eveniet quisquam dolore sunt. Suscipit consequatur laborum velit neque reprehenderit est in.', '', 10, 7, '2022-06-18 09:07:21', '2022-06-18 09:07:21'),
(806, 'Dolorem perspiciatis quia illum velit non. Voluptatem libero cumque ad voluptatem et nemo ut. A hic voluptatem mollitia nisi. Pariatur libero esse modi.', '', 2, 3, '2022-06-18 09:07:21', '2022-06-18 09:07:21'),
(807, 'Debitis magni corporis sit eveniet cupiditate culpa. Placeat quo modi dolorem minima. Fugiat quod consectetur itaque tenetur quae quo sed in.', '', 60, 4, '2022-06-18 09:07:21', '2022-06-18 09:07:21'),
(808, 'Et delectus et illo nulla sit error eum explicabo. Molestiae voluptates pariatur voluptatem veritatis. Vero eveniet esse officiis consequuntur.', '', 60, 9, '2022-06-18 09:07:21', '2022-06-18 09:07:21'),
(809, 'Sapiente aut culpa laboriosam vero voluptas sint. Debitis optio aut minima commodi ipsam dolores aut. Eligendi vel aspernatur iste culpa perspiciatis adipisci. Omnis aut sed nihil voluptas voluptatem.', '', 66, 9, '2022-06-18 09:07:22', '2022-06-18 09:07:22'),
(810, 'Et nisi unde est cumque similique. Sit architecto accusantium esse vel quia. Quia iure cum dolorem mollitia est quam. Et ipsam blanditiis unde facere.', '', 33, 5, '2022-06-18 09:07:22', '2022-06-18 09:07:22'),
(811, 'Officia sequi est facilis asperiores autem adipisci. Doloribus facere praesentium qui totam perferendis eaque sit. Odio debitis consequuntur placeat odio reprehenderit ab velit.', '', 77, 9, '2022-06-18 09:07:22', '2022-06-18 09:07:22'),
(812, 'Sit ab aperiam repudiandae quia quae maxime. Qui sit minus doloribus iure ut maxime dolores. Et necessitatibus voluptatem possimus quae sunt est.', '', 35, 2, '2022-06-18 09:07:22', '2022-06-18 09:07:22'),
(813, 'Ab natus amet mollitia aut temporibus molestiae ea sint. Sequi est vel expedita deserunt ab consequatur consequatur voluptate. Neque voluptatum possimus cupiditate modi est dignissimos sunt enim.', '', 79, 5, '2022-06-18 09:07:22', '2022-06-18 09:07:22'),
(814, 'Aut distinctio magni veritatis praesentium ea et. Nihil animi eum et praesentium dolorem.', '', 44, 2, '2022-06-18 09:07:22', '2022-06-18 09:07:22'),
(815, 'Voluptas et aliquid aut sed molestiae commodi. Numquam corporis in dignissimos dolor asperiores. Reprehenderit fugit sapiente fuga illum qui earum esse.', '', 25, 5, '2022-06-18 09:07:22', '2022-06-18 09:07:22'),
(816, 'Nisi aut saepe quia aliquid est quae autem velit. Aperiam optio voluptatem soluta consequatur sit. In voluptatem illo itaque vel. Corrupti ipsa corrupti quasi officia.', '', 51, 10, '2022-06-18 09:07:22', '2022-06-18 09:07:22'),
(817, 'Nihil dolore laborum similique velit sunt perferendis. Saepe ut quo veritatis ut dolores officiis doloribus. Enim a aut tempore quia rem. Rerum dolores in quo sint quibusdam sequi.', '', 45, 9, '2022-06-18 09:07:22', '2022-06-18 09:07:22'),
(818, 'Labore eos ut ducimus accusantium. Beatae explicabo facilis et quibusdam. Velit laborum repellat incidunt minus debitis tempora.', '', 98, 4, '2022-06-18 09:07:22', '2022-06-18 09:07:22'),
(819, 'Omnis incidunt ut dignissimos unde hic consequatur vel. Voluptate quia eos consectetur eveniet excepturi odit ex. Ea minus tempora et harum quaerat aut fuga. Quo unde impedit iure magnam suscipit.', '', 52, 10, '2022-06-18 09:07:22', '2022-06-18 09:07:22'),
(820, 'Accusamus provident exercitationem omnis ut. Fugit quos dolorem iste magnam ratione est. Exercitationem dolorum assumenda qui consequuntur. Corrupti voluptatum mollitia enim doloremque soluta.', '', 72, 10, '2022-06-18 09:07:22', '2022-06-18 09:07:22'),
(821, 'Eum earum possimus molestiae nihil et porro. Facilis aliquam adipisci sit eaque. Nam omnis placeat quaerat totam earum. Quidem quaerat et reprehenderit nam.', '', 50, 8, '2022-06-18 09:07:22', '2022-06-18 09:07:22'),
(822, 'Ullam tenetur quae qui quam minus libero aut. Minima illum sed dolorum inventore ut deleniti id dignissimos. Sed voluptas neque suscipit laboriosam quo sint possimus perferendis.', '', 31, 9, '2022-06-18 09:07:22', '2022-06-18 09:07:22'),
(823, 'Debitis aliquam perspiciatis ut aut. Praesentium et accusantium autem sed. Est et et incidunt quis.', '', 27, 8, '2022-06-18 09:07:22', '2022-06-18 09:07:22'),
(824, 'Recusandae laborum non cupiditate et repudiandae officia praesentium. Incidunt odit ratione omnis non. Itaque rerum veritatis unde et.', '', 86, 10, '2022-06-18 09:07:22', '2022-06-18 09:07:22'),
(825, 'Sint sunt fugiat quis sunt veniam beatae perferendis. Sequi molestiae libero tempora consequatur maxime.', '', 55, 9, '2022-06-18 09:07:22', '2022-06-18 09:07:22'),
(826, 'Placeat illo odit quas voluptates nisi. Consequuntur et veniam omnis eveniet inventore in. Ut repudiandae eligendi provident.', '', 76, 5, '2022-06-18 09:07:22', '2022-06-18 09:07:22'),
(827, 'Et sit quos quibusdam culpa cupiditate. Quibusdam qui optio est in dicta. Qui quod quia exercitationem.', '', 56, 10, '2022-06-18 09:07:22', '2022-06-18 09:07:22'),
(828, 'Ut similique aliquid praesentium est perspiciatis necessitatibus fugit. Sit temporibus illum sit odit ipsa magni. Provident officia vero non tenetur.', '', 91, 1, '2022-06-18 09:07:22', '2022-06-18 09:07:22'),
(829, 'Ducimus dolore accusantium distinctio cum quo. Molestias doloribus reprehenderit dolorum repudiandae placeat molestiae dolores. Et sapiente ab illum magnam at aperiam qui. Porro fugit mollitia dolore aut illo voluptatem.', '', 72, 6, '2022-06-18 09:07:22', '2022-06-18 09:07:22'),
(830, 'Mollitia fugit similique sint qui sed corporis. Explicabo id illo fugiat laudantium omnis minima non consequatur. Ipsa sint sint cumque dignissimos similique est adipisci.', '', 49, 10, '2022-06-18 09:07:22', '2022-06-18 09:07:22'),
(831, 'Blanditiis sed et dolores aut aut. Possimus sint et in placeat quisquam. Sapiente suscipit quos explicabo illum corporis sit.', '', 92, 8, '2022-06-18 09:07:22', '2022-06-18 09:07:22'),
(832, 'Et consequatur id eius impedit iure dolorem delectus. Modi perspiciatis et qui voluptatum est.', '', 74, 10, '2022-06-18 09:07:22', '2022-06-18 09:07:22'),
(833, 'Excepturi a voluptatum harum atque magni. Laborum maxime dolorum nesciunt eum officiis reiciendis voluptate. Non dolorem voluptas culpa cumque adipisci sint qui.', '', 29, 4, '2022-06-18 09:07:22', '2022-06-18 09:07:22'),
(834, 'Saepe consequatur aut voluptas. Sit sed consequatur aperiam ut est doloribus sequi. Ab vel autem nostrum. Ipsa qui soluta ea libero nesciunt ut praesentium. Voluptatem optio possimus officia.', '', 67, 8, '2022-06-18 09:07:22', '2022-06-18 09:07:22'),
(835, 'Est voluptas ducimus dolores mollitia qui. Blanditiis aut eius fugit omnis laborum. Tempora nemo quod saepe ex odit possimus perspiciatis.', '', 36, 2, '2022-06-18 09:07:22', '2022-06-18 09:07:22'),
(836, 'Molestiae repudiandae et inventore magni nemo. Sunt occaecati sed repellendus qui fuga. Accusantium quidem necessitatibus repellat vel. Eos labore consequatur minima optio ipsam.', '', 42, 2, '2022-06-18 09:07:22', '2022-06-18 09:07:22'),
(837, 'Sit consequatur consequatur culpa quis fugit quidem in. Voluptatem cumque dolorem qui totam. Aut aut nemo voluptatem eveniet.', '', 64, 4, '2022-06-18 09:07:22', '2022-06-18 09:07:22'),
(838, 'Et iure fugit ut reprehenderit. Ut eum nisi autem in. Ducimus numquam quos nisi in aliquam.', '', 85, 7, '2022-06-18 09:07:22', '2022-06-18 09:07:22'),
(839, 'Voluptatem minima eos soluta et debitis quia labore. Voluptatum fuga quam accusamus. Voluptatum officia deleniti ut consequatur.', '', 8, 10, '2022-06-18 09:07:22', '2022-06-18 09:07:22'),
(840, 'Magni fuga dicta eos est et. Molestias et vel quaerat debitis enim quam. Aut id et possimus accusamus similique.', '', 20, 6, '2022-06-18 09:07:22', '2022-06-18 09:07:22'),
(841, 'Qui soluta molestiae quia id rerum reprehenderit consequatur minus. Molestiae ipsam inventore eum suscipit velit sit harum. Earum beatae deleniti voluptatem illo ex dolores. Fugit provident quasi voluptas aliquid quaerat.', '', 76, 1, '2022-06-18 09:07:22', '2022-06-18 09:07:22'),
(842, 'Cupiditate soluta vel quasi repudiandae culpa. Delectus sint aut dolore facilis iusto optio.', '', 82, 1, '2022-06-18 09:07:22', '2022-06-18 09:07:22'),
(843, 'Natus et et voluptatem commodi voluptatem et. Quibusdam officiis voluptatibus vero neque enim voluptatem. Ducimus soluta voluptas eius recusandae. Voluptatem suscipit ea et molestiae architecto ut.', '', 69, 10, '2022-06-18 09:07:22', '2022-06-18 09:07:22'),
(844, 'Rerum quia assumenda et ad. Minima nesciunt modi aliquid quas. Ut libero numquam autem ad deserunt velit. Rerum voluptates et blanditiis.', '', 84, 9, '2022-06-18 09:07:22', '2022-06-18 09:07:22'),
(845, 'Debitis aliquid consectetur ut rerum non. Error molestiae accusantium et nemo. Quas sed ipsa vero minus similique. Ipsa veniam vel consequatur voluptatum molestias fugit aut.', '', 85, 7, '2022-06-18 09:07:22', '2022-06-18 09:07:22'),
(846, 'Ab eveniet est cum neque aut. Iusto voluptates rem autem. Delectus enim praesentium rerum quia porro ut. Rerum est sint eos velit eos et ad.', '', 43, 2, '2022-06-18 09:07:22', '2022-06-18 09:07:22'),
(847, 'Voluptatem qui quas temporibus ex qui repellat voluptatem. Sunt eius sapiente voluptatibus pariatur vel. Harum id libero unde perferendis consequatur.', '', 65, 8, '2022-06-18 09:07:22', '2022-06-18 09:07:22'),
(848, 'Ullam odio veritatis sequi eaque sequi. Cumque asperiores vel reprehenderit rem. Ducimus cumque aperiam occaecati magnam dolorum odio. Rerum dicta laborum consequatur porro.', '', 100, 5, '2022-06-18 09:07:22', '2022-06-18 09:07:22'),
(849, 'Et dicta itaque necessitatibus unde delectus. Ipsa et voluptate repellendus. Enim consectetur aut et nam consectetur autem rerum aut.', '', 18, 5, '2022-06-18 09:07:22', '2022-06-18 09:07:22'),
(850, 'Repellendus non repudiandae velit iusto et qui. Eius rerum explicabo quidem nesciunt et doloremque aut. Quis sapiente reiciendis nihil cumque qui excepturi. Iusto officia maiores veritatis odio deleniti.', '', 82, 8, '2022-06-18 09:07:22', '2022-06-18 09:07:22'),
(851, 'Officiis natus earum laboriosam hic eum in. Rerum quibusdam facilis voluptatem labore. Impedit eum aut iusto ut aut totam.', '', 34, 10, '2022-06-18 09:07:22', '2022-06-18 09:07:22'),
(852, 'Minima animi sed blanditiis fugiat consequuntur accusantium. Quia deleniti excepturi dignissimos architecto temporibus. Non aut et quasi dolor consequatur itaque. Consequatur hic ut eaque soluta atque. Necessitatibus tenetur fuga quia sed.', '', 48, 10, '2022-06-18 09:07:22', '2022-06-18 09:07:22'),
(853, 'Nihil autem rem consectetur debitis nostrum. A laboriosam nesciunt omnis qui placeat labore iusto. Iusto optio quia saepe repellat exercitationem architecto vel.', '', 96, 8, '2022-06-18 09:07:22', '2022-06-18 09:07:22'),
(854, 'Ut ut molestiae vero perferendis a ut. Quia fugit accusamus rerum. At et minima quia sequi. Quo quis consectetur at incidunt.', '', 57, 10, '2022-06-18 09:07:22', '2022-06-18 09:07:22'),
(855, 'Nostrum aliquid eum in magnam veniam tempora rem. Non in reiciendis quis ducimus et. Commodi cum accusamus earum ut rerum. Voluptatum similique excepturi tempore molestias perferendis facilis.', '', 20, 2, '2022-06-18 09:07:22', '2022-06-18 09:07:22'),
(856, 'Ullam eius harum odio omnis sit omnis neque qui. Quam fugiat sit quam rerum ea eos. Expedita consectetur suscipit cumque asperiores architecto quia animi. Expedita fugiat corporis dolores exercitationem.', '', 75, 10, '2022-06-18 09:07:22', '2022-06-18 09:07:22'),
(857, 'Rerum dolor accusamus ullam perspiciatis eligendi qui sit veniam. Quia in voluptate et dolore soluta dicta aliquid. Cum odio recusandae et. Sit vel qui ut molestiae repudiandae voluptatibus.', '', 85, 3, '2022-06-18 09:07:22', '2022-06-18 09:07:22'),
(858, 'Ducimus quas numquam reprehenderit quisquam id praesentium. Voluptatibus et minus quos magni ab illum. Modi porro tenetur est deleniti perspiciatis ex et sed.', '', 34, 3, '2022-06-18 09:07:22', '2022-06-18 09:07:22'),
(859, 'Id omnis sed consequatur magni. Eos quod ipsum dolorem possimus sapiente sunt praesentium sapiente. Eos deleniti cupiditate natus eos. Hic distinctio non vel non.', '', 63, 9, '2022-06-18 09:07:22', '2022-06-18 09:07:22'),
(860, 'Quasi temporibus provident maxime. Officia aperiam maxime et ducimus quos maxime voluptatem vel. Qui inventore est alias.', '', 70, 5, '2022-06-18 09:07:22', '2022-06-18 09:07:22'),
(861, 'Aliquam placeat iusto nobis in aut consectetur consectetur. Qui quos quam voluptate. Eaque eligendi est totam omnis dolorum quo. Ad dolores accusamus reprehenderit cumque eos tenetur facere.', '', 65, 9, '2022-06-18 09:07:22', '2022-06-18 09:07:22'),
(862, 'Illo sit ex et. Ipsa corporis sunt quam. Odio error nam officia. Iure illum omnis perferendis.', '', 94, 6, '2022-06-18 09:07:22', '2022-06-18 09:07:22'),
(863, 'Hic alias dolor expedita rem. Qui libero magnam reiciendis itaque dolorem dolores fuga. Tempore et harum sed in ab. Quia ut eaque ratione consectetur quo vero.', '', 54, 9, '2022-06-18 09:07:22', '2022-06-18 09:07:22'),
(864, 'Ut fugiat repellat occaecati a autem. Vel saepe sit assumenda assumenda aut et voluptas. At rerum voluptatem quo est. Est exercitationem saepe est.', '', 4, 4, '2022-06-18 09:07:22', '2022-06-18 09:07:22'),
(865, 'Libero deserunt quidem rerum voluptate. Perferendis natus cupiditate dolorem eum itaque. Est exercitationem dolores totam nobis harum dignissimos soluta. Non et magni eveniet eius. Minima vel culpa dignissimos illo.', '', 30, 3, '2022-06-18 09:07:22', '2022-06-18 09:07:22'),
(866, 'Ratione velit earum unde rerum corporis quibusdam quaerat. Mollitia expedita alias placeat corporis ipsum. Ducimus nihil quibusdam laboriosam quibusdam ab debitis hic. In officiis aut saepe et aperiam.', '', 100, 6, '2022-06-18 09:07:22', '2022-06-18 09:07:22'),
(867, 'Ex debitis perferendis recusandae dolores exercitationem minus consectetur. Eius nemo numquam sit. Officiis maiores atque voluptates nihil.', '', 52, 3, '2022-06-18 09:07:22', '2022-06-18 09:07:22'),
(868, 'Repellendus voluptatibus cumque et dolorum. Vitae ex voluptas minus officia ut. Rem a autem doloribus non dolore id perferendis. Cum est fugiat rerum sit sequi asperiores excepturi. Maiores aut vitae officia aut dolores ut quia.', '', 94, 9, '2022-06-18 09:07:22', '2022-06-18 09:07:22'),
(869, 'Iusto quaerat a sed. Vel qui facilis rem et. Et est perferendis soluta sapiente quia numquam consequuntur. Aut accusantium dolores omnis impedit magnam quae. Quia molestiae vel voluptas error.', '', 36, 7, '2022-06-18 09:07:22', '2022-06-18 09:07:22'),
(870, 'Aut ut velit animi debitis magni. Eaque quod et qui voluptas. Ut nam eligendi dolor.', '', 28, 9, '2022-06-18 09:07:22', '2022-06-18 09:07:22'),
(871, 'Quod neque eos unde nemo harum voluptas. Voluptate incidunt blanditiis dolores asperiores numquam. Aut adipisci animi qui harum fuga. Sint quae delectus architecto deserunt est ea.', '', 95, 4, '2022-06-18 09:07:22', '2022-06-18 09:07:22'),
(872, 'Sed blanditiis dolorum vitae a mollitia perspiciatis atque vero. Non atque reprehenderit voluptates ut animi. Mollitia autem et assumenda maxime eos nemo iure et.', '', 16, 3, '2022-06-18 09:07:22', '2022-06-18 09:07:22'),
(873, 'Deserunt quo ut qui est repellendus molestiae fuga. Voluptatem eligendi natus odit magni. Iusto debitis tenetur mollitia eligendi voluptate pariatur et.', '', 28, 2, '2022-06-18 09:07:22', '2022-06-18 09:07:22'),
(874, 'Sed optio ut accusamus fugit sit error rerum. Blanditiis eum in veniam et. Beatae perspiciatis asperiores est nihil.', '', 46, 10, '2022-06-18 09:07:22', '2022-06-18 09:07:22'),
(875, 'Et unde tempora veritatis aspernatur molestiae exercitationem dignissimos. Omnis illo est dolorem incidunt. Iure rerum facilis eaque veritatis perspiciatis dignissimos similique.', '', 59, 2, '2022-06-18 09:07:22', '2022-06-18 09:07:22'),
(876, 'Qui optio asperiores magnam atque. Atque voluptas exercitationem in cumque vitae corporis eius ipsam. Dolores ab ea tempora vel sed provident. Nisi in dolore debitis voluptas.', '', 3, 8, '2022-06-18 09:07:22', '2022-06-18 09:07:22'),
(877, 'Velit corporis reiciendis id illum accusamus sequi. Esse corporis eos ut sunt nostrum quisquam. Impedit earum fugiat et laborum sunt id.', '', 71, 7, '2022-06-18 09:07:22', '2022-06-18 09:07:22'),
(878, 'At ut tempora ipsum neque dignissimos illo. In praesentium corporis et ea. Vel sit sit nemo reprehenderit omnis consectetur.', '', 57, 8, '2022-06-18 09:07:22', '2022-06-18 09:07:22'),
(879, 'Sunt magni laboriosam corrupti quia labore. Sint ipsam reprehenderit illo fuga corporis in. Rerum nulla vero et nulla eius quisquam labore.', '', 33, 7, '2022-06-18 09:07:22', '2022-06-18 09:07:22'),
(880, 'Qui earum porro quis quis voluptatem voluptatem perspiciatis. Ipsa quia corrupti atque. Similique nam dolores atque quis.', '', 59, 5, '2022-06-18 09:07:22', '2022-06-18 09:07:22'),
(881, 'Error nobis possimus eum cum voluptas rerum. Maiores nihil dignissimos quam debitis dolorem. Perferendis totam itaque sunt neque et velit similique.', '', 59, 7, '2022-06-18 09:07:22', '2022-06-18 09:07:22'),
(882, 'Corrupti ullam et sit in qui. Nihil recusandae error sint officiis. Voluptas nihil sunt fugit autem. Ut debitis expedita id consectetur aliquam.', '', 98, 4, '2022-06-18 09:07:22', '2022-06-18 09:07:22'),
(883, 'Eligendi hic rerum ut dignissimos voluptatem aut explicabo distinctio. Quo et error esse sit dignissimos sed omnis. Rerum necessitatibus eos quae repellat id.', '', 27, 4, '2022-06-18 09:07:22', '2022-06-18 09:07:22'),
(884, 'Aliquam vel eius non impedit ut ratione. Ducimus eum sunt commodi provident. Omnis fugit et et ducimus minima nulla. Veniam culpa sed placeat.', '', 29, 3, '2022-06-18 09:07:22', '2022-06-18 09:07:22'),
(885, 'Eum nemo excepturi nemo suscipit maxime. Nobis quis ad quos placeat. Sed et itaque corrupti repudiandae id.', '', 76, 8, '2022-06-18 09:07:22', '2022-06-18 09:07:22'),
(886, 'Quo et eius ut ducimus cupiditate. Ducimus mollitia qui molestiae animi id aut et. Assumenda consequatur fugit soluta placeat blanditiis.', '', 66, 8, '2022-06-18 09:07:22', '2022-06-18 09:07:22'),
(887, 'Error vero eveniet culpa accusamus quibusdam. Eius doloremque soluta ut illum voluptatem commodi itaque. Sed quo accusantium labore.', '', 45, 10, '2022-06-18 09:07:22', '2022-06-18 09:07:22'),
(888, 'Ea molestias a perspiciatis eaque eum. Omnis quibusdam rerum dolorum tempore modi itaque. Ex et deleniti saepe dolore sit.', '', 16, 8, '2022-06-18 09:07:22', '2022-06-18 09:07:22'),
(889, 'Enim officia et eum ut explicabo temporibus sit et. Sunt id dolorem consequatur. Ipsam voluptas et vitae ea placeat dicta aspernatur.', '', 61, 10, '2022-06-18 09:07:22', '2022-06-18 09:07:22'),
(890, 'Odio voluptate nobis provident id nihil minus voluptas. Error molestiae earum labore maiores. Quae magnam dolorum dolore tenetur culpa assumenda aperiam repudiandae.', '', 45, 5, '2022-06-18 09:07:22', '2022-06-18 09:07:22'),
(891, 'Voluptatem ipsum enim eos fuga nam vitae facere sed. Sunt est culpa maxime ex nemo. Autem pariatur itaque tempora earum dolor maiores delectus. Dolorem officiis enim accusamus repellat pariatur qui.', '', 33, 3, '2022-06-18 09:07:22', '2022-06-18 09:07:22'),
(892, 'Maxime et eligendi natus ab perspiciatis. Dolor quidem earum et amet.', '', 93, 3, '2022-06-18 09:07:22', '2022-06-18 09:07:22');
INSERT INTO `comments` (`id`, `content`, `title`, `post_id`, `user_id`, `created_at`, `updated_at`) VALUES
(893, 'Et iste delectus consequatur rerum adipisci ipsum. Omnis enim ipsum perspiciatis quis. Repellendus perferendis voluptas labore dolorem et aliquam distinctio. Doloribus ducimus non ex iusto temporibus eaque ut. Et in maxime sapiente consequatur.', '', 16, 5, '2022-06-18 09:07:22', '2022-06-18 09:07:22'),
(894, 'Qui cupiditate eveniet ad ratione omnis qui. Velit voluptate vitae dolor sapiente velit beatae dolor. Voluptas rerum eos iste dicta fugiat sunt. Amet ipsam voluptatem quidem velit vero expedita sint.', '', 99, 5, '2022-06-18 09:07:22', '2022-06-18 09:07:22'),
(895, 'Eos ex neque ab ullam quia consequatur. Corporis earum labore rem debitis enim quisquam exercitationem. Odio aut aut et in eaque non ratione. Voluptates explicabo magni iure itaque fugit.', '', 82, 4, '2022-06-18 09:07:22', '2022-06-18 09:07:22'),
(896, 'Eius dolores sed omnis dolor veritatis facere iure. Sit omnis totam asperiores quisquam nesciunt atque alias. In fugit tempore at molestiae molestiae optio dolor. Voluptas autem ut omnis rerum.', '', 40, 3, '2022-06-18 09:07:22', '2022-06-18 09:07:22'),
(897, 'Vel in et veritatis in nihil quas perspiciatis. Modi sed esse ut harum molestias rerum. Maiores totam earum quis eum mollitia voluptas. Architecto quis non sed molestias.', '', 79, 8, '2022-06-18 09:07:22', '2022-06-18 09:07:22'),
(898, 'Magnam quia vel nihil omnis. Debitis voluptatibus repellat quis esse earum.', '', 100, 4, '2022-06-18 09:07:22', '2022-06-18 09:07:22'),
(899, 'Dolores sunt beatae suscipit voluptas sed. Eaque perspiciatis amet fuga qui laudantium autem nesciunt.', '', 23, 7, '2022-06-18 09:07:22', '2022-06-18 09:07:22'),
(900, 'Sed dolorem omnis ea excepturi. Et fugiat dignissimos nostrum eum. Non maxime nam aut quam vel. Eos omnis sit architecto consequatur hic iste.', '', 43, 10, '2022-06-18 09:07:22', '2022-06-18 09:07:22'),
(901, 'Omnis consequatur corporis et maxime. Debitis et dolor recusandae. Ut labore fugit reiciendis unde quae. Ratione nihil amet qui aut maiores aut.', '', 31, 9, '2022-06-18 09:07:22', '2022-06-18 09:07:22'),
(902, 'Velit maxime maiores est inventore quaerat explicabo. Voluptatibus quas natus et ad repudiandae vitae. Quidem sequi neque incidunt omnis iusto et quasi. Molestias enim ea facilis et error accusantium vero.', '', 9, 9, '2022-06-18 09:07:22', '2022-06-18 09:07:22'),
(903, 'Ea sed a molestiae iste eos deleniti aut. Porro ut ut qui voluptas culpa et atque quia. Ad est voluptatibus aliquid dolorum est atque.', '', 69, 3, '2022-06-18 09:07:22', '2022-06-18 09:07:22'),
(904, 'Iste aperiam ullam at beatae aliquid quia voluptates. Quo voluptatem repudiandae error. Ab architecto delectus soluta ducimus sunt qui.', '', 68, 10, '2022-06-18 09:07:22', '2022-06-18 09:07:22'),
(905, 'Velit iusto consequuntur molestias ea dolorem pariatur. Exercitationem possimus minima expedita sed repellendus. Quo officia quos rerum molestiae. Sit sint ea suscipit ex quis.', '', 46, 7, '2022-06-18 09:07:22', '2022-06-18 09:07:22'),
(906, 'Ut quaerat doloribus nobis. Modi accusantium debitis nobis ut eos aut nemo. Accusantium deserunt nemo quo praesentium neque dignissimos accusamus vel. Aut eos odit sapiente aliquid perferendis dignissimos.', '', 66, 3, '2022-06-18 09:07:22', '2022-06-18 09:07:22'),
(907, 'Quaerat atque quod quae est enim. Voluptas qui sit modi voluptatibus. Et ullam iure illo maiores earum culpa et. Voluptas ducimus aliquid maiores libero qui inventore assumenda et.', '', 35, 10, '2022-06-18 09:07:22', '2022-06-18 09:07:22'),
(908, 'Earum et optio at quam laborum. Expedita et dolor corporis voluptas et ea doloribus.', '', 32, 3, '2022-06-18 09:07:22', '2022-06-18 09:07:22'),
(909, 'Laboriosam sequi fugit animi explicabo qui expedita. Ipsa aut ex accusantium dolores. Vel nam blanditiis accusantium aut et eius aut.', '', 80, 9, '2022-06-18 09:07:22', '2022-06-18 09:07:22'),
(910, 'Voluptatum porro accusantium quis nihil. Consectetur ut consequatur quidem ratione quas officia. Quia nobis animi occaecati assumenda amet vel dolorem.', '', 35, 7, '2022-06-18 09:07:22', '2022-06-18 09:07:22'),
(911, 'Nobis recusandae et reprehenderit adipisci odit quas aut. Eius recusandae velit culpa odit. Ipsum illo recusandae culpa ducimus. Ab rem quisquam alias aspernatur at necessitatibus eos.', '', 52, 4, '2022-06-18 09:07:22', '2022-06-18 09:07:22'),
(912, 'Ut est nam perferendis. Ab voluptatem et delectus nihil. Sed fugit delectus et vel ad cumque harum in. Sequi qui asperiores praesentium et eos error dolor. Aut cumque tempore facere adipisci ex neque repudiandae.', '', 35, 5, '2022-06-18 09:07:22', '2022-06-18 09:07:22'),
(913, 'Enim in sit atque repellendus provident. Nulla ut dolores quia at quibusdam occaecati. Possimus ut quaerat quod. Error quo voluptate tempora nostrum.', '', 98, 7, '2022-06-18 09:07:22', '2022-06-18 09:07:22'),
(914, 'Quidem est quas adipisci non voluptatibus unde. Eos nihil voluptatibus dicta eveniet omnis. Tempore similique laboriosam aspernatur blanditiis.', '', 82, 3, '2022-06-18 09:07:22', '2022-06-18 09:07:22'),
(915, 'Perferendis vero totam eius ducimus dolor necessitatibus. Nostrum minus debitis expedita itaque. Sed rerum ad occaecati quibusdam unde.', '', 33, 5, '2022-06-18 09:07:22', '2022-06-18 09:07:22'),
(916, 'Quo voluptatibus iure rerum. Quos provident quia velit vero praesentium natus. Porro qui quia voluptate debitis aut. Cum a esse itaque.', '', 78, 4, '2022-06-18 09:07:22', '2022-06-18 09:07:22'),
(917, 'Corporis molestias ea ab esse rem. Dignissimos repudiandae suscipit vero reprehenderit. Corrupti omnis est commodi est ut incidunt. Impedit et consequuntur sint. Distinctio accusamus veniam exercitationem animi est est.', '', 65, 5, '2022-06-18 09:07:22', '2022-06-18 09:07:22'),
(918, 'Sequi autem sint temporibus et. Quia ea incidunt nemo doloribus ut omnis non. A id molestias est in aliquid possimus culpa. Et sint quam suscipit amet provident.', '', 62, 9, '2022-06-18 09:07:22', '2022-06-18 09:07:22'),
(919, 'Rerum ab totam sint magni veritatis. Aut ab facilis laboriosam corporis sunt odit. Quis soluta tenetur minima necessitatibus repudiandae fuga consequatur. Et optio impedit sunt ad nihil.', '', 89, 10, '2022-06-18 09:07:22', '2022-06-18 09:07:22'),
(920, 'Aut exercitationem pariatur placeat eius in delectus laudantium reprehenderit. Libero nostrum odit occaecati numquam. Laborum dolor vitae dolorem quo nulla deleniti.', '', 71, 5, '2022-06-18 09:07:22', '2022-06-18 09:07:22'),
(921, 'Voluptatem excepturi consequatur animi magnam dolores. Laborum dicta illum labore iste dolore voluptates quod sed. Earum et est unde dicta laboriosam est odio earum. Voluptas minima odio amet voluptas.', '', 32, 7, '2022-06-18 09:07:22', '2022-06-18 09:07:22'),
(922, 'Vitae voluptatibus ea at impedit eius quisquam. Repellat minus magnam a odio. Eveniet voluptate assumenda qui quis.', '', 81, 10, '2022-06-18 09:07:22', '2022-06-18 09:07:22'),
(923, 'Et recusandae voluptatem minima inventore magnam. Eligendi unde et est quia dolorem et quis. Odit cupiditate eligendi delectus in eum. Voluptas corrupti fuga et pariatur.', '', 90, 7, '2022-06-18 09:07:22', '2022-06-18 09:07:22'),
(924, 'Non delectus totam dolor ullam consequatur. Doloremque accusantium exercitationem et odio laborum fugit dolorem. Modi hic perspiciatis atque ut dicta placeat atque sit. Magni et blanditiis dolor consequatur modi.', '', 91, 9, '2022-06-18 09:07:22', '2022-06-18 09:07:22'),
(925, 'Rerum suscipit ut dolor et et. Consequatur ut quas perspiciatis cum omnis iusto autem ea. Unde cumque id autem. Optio est quos et odio earum delectus.', '', 86, 9, '2022-06-18 09:07:22', '2022-06-18 09:07:22'),
(926, 'Ut necessitatibus doloremque quia odio non laboriosam. Ex sequi quibusdam qui magnam exercitationem. Aliquam exercitationem molestiae id unde consectetur. Officiis omnis accusantium aut laudantium quasi ut eos quisquam.', '', 48, 7, '2022-06-18 09:07:22', '2022-06-18 09:07:22'),
(927, 'Impedit maxime nam voluptas architecto voluptatem quisquam. Aspernatur sint eum et facilis eaque dignissimos debitis voluptatem. Voluptatem aut omnis culpa laboriosam. Minima rerum vel debitis aperiam eos. Quibusdam est ut delectus error quia alias.', '', 87, 7, '2022-06-18 09:07:22', '2022-06-18 09:07:22'),
(928, 'Sint autem aut nostrum est. Esse voluptatem molestias quas voluptas rerum laboriosam. Rerum ex dicta veritatis quod tempora maxime.', '', 35, 10, '2022-06-18 09:07:22', '2022-06-18 09:07:22'),
(929, 'Commodi magni quo ut omnis. Dolore aut et ut harum blanditiis nobis atque. Nihil et rerum quia est atque.', '', 10, 10, '2022-06-18 09:07:22', '2022-06-18 09:07:22'),
(930, 'Id quis beatae dolorem rerum. Vel ab error autem dolor accusantium id alias consectetur. Quia et aperiam laboriosam minima assumenda sed.', '', 51, 6, '2022-06-18 09:07:22', '2022-06-18 09:07:22'),
(931, 'Odio doloremque facere nemo in dicta non quo. Id harum qui quod dolores aut. Ab ut voluptatibus fugit eligendi. Error ducimus accusamus cum.', '', 28, 6, '2022-06-18 09:07:22', '2022-06-18 09:07:22'),
(932, 'Voluptas animi alias et explicabo quia occaecati. Nulla temporibus distinctio vitae beatae ad voluptatem vel nesciunt. Sint ea sint accusamus quas omnis.', '', 40, 9, '2022-06-18 09:07:22', '2022-06-18 09:07:22'),
(933, 'Commodi aperiam deserunt mollitia aut id explicabo. Numquam ratione voluptas magnam. Repellendus labore qui a eum placeat tempora praesentium. Perferendis enim fugiat et.', '', 68, 9, '2022-06-18 09:07:22', '2022-06-18 09:07:22'),
(934, 'Rerum dolore reiciendis ea rerum. Vel pariatur ipsa earum eos voluptates harum et. Nemo rerum ut enim amet voluptas.', '', 47, 2, '2022-06-18 09:07:22', '2022-06-18 09:07:22'),
(935, 'Doloribus suscipit qui optio culpa. Rerum numquam ratione accusantium qui ut aut aut. Ut similique iusto est delectus laborum adipisci beatae. Quia libero harum unde magnam.', '', 75, 8, '2022-06-18 09:07:22', '2022-06-18 09:07:22'),
(936, 'Odit velit repellat facere et illum ab. Veniam qui distinctio veniam beatae. Voluptas est voluptatum quia aliquid asperiores molestiae dicta.', '', 57, 4, '2022-06-18 09:07:22', '2022-06-18 09:07:22'),
(937, 'Facilis facilis maxime ipsam quo dolores necessitatibus nostrum. Amet quidem est dolor inventore. Laudantium quam ut vitae inventore harum.', '', 81, 2, '2022-06-18 09:07:22', '2022-06-18 09:07:22'),
(938, 'Ut assumenda sed quas atque. Fuga blanditiis molestiae dignissimos eaque in. Eligendi eveniet nostrum magnam suscipit odit deserunt qui.', '', 76, 10, '2022-06-18 09:07:22', '2022-06-18 09:07:22'),
(939, 'Et omnis commodi sed consequatur quia. Amet explicabo quam quis nulla voluptatem. Repellat non occaecati sed. Qui qui praesentium aperiam laudantium pariatur.', '', 84, 9, '2022-06-18 09:07:22', '2022-06-18 09:07:22'),
(940, 'Ut ducimus illum labore quia et repellendus labore. Aut cupiditate accusantium aut eaque atque aliquid est. Sed fuga accusantium sunt. Commodi sed natus repudiandae qui fugit doloremque quis voluptatum.', '', 78, 9, '2022-06-18 09:07:22', '2022-06-18 09:07:22'),
(941, 'Debitis odit vitae mollitia sunt amet occaecati voluptatem et. Voluptate doloremque iusto illo quidem vitae quisquam. Id quis voluptate cumque ipsa. Voluptatum quia ducimus ea iste quidem distinctio.', '', 59, 4, '2022-06-18 09:07:22', '2022-06-18 09:07:22'),
(942, 'Sint autem reprehenderit omnis est enim amet impedit. Id animi ab labore quo vitae reprehenderit. Quaerat non temporibus hic nemo sit incidunt dolore dolorem. Voluptas quis aliquid labore et.', '', 40, 1, '2022-06-18 09:07:22', '2022-06-18 09:07:22'),
(943, 'Sequi commodi nihil beatae ipsa. Consectetur nihil illo sit corrupti vitae.', '', 60, 4, '2022-06-18 09:07:22', '2022-06-18 09:07:22'),
(944, 'Neque velit officia a perferendis sunt nostrum provident minima. Sunt quidem occaecati numquam aspernatur maiores voluptatem molestiae. Sunt quam aut rerum odit voluptatem minus cumque.', '', 41, 7, '2022-06-18 09:07:22', '2022-06-18 09:07:22'),
(945, 'Natus veniam est est sit. Nam dolorem tenetur in similique. Tempora ut magnam veniam odio aut.', '', 39, 4, '2022-06-18 09:07:22', '2022-06-18 09:07:22'),
(946, 'Autem ut voluptatem placeat et adipisci consectetur id. Nemo odio numquam excepturi aut cupiditate qui omnis. Dolorem sed repudiandae non asperiores sit. Cumque dicta reiciendis dolorem accusamus rerum molestiae voluptatem.', '', 86, 6, '2022-06-18 09:07:22', '2022-06-18 09:07:22'),
(947, 'Omnis reprehenderit sequi ullam facere culpa. Provident adipisci qui iste quos eos perspiciatis neque.', '', 87, 8, '2022-06-18 09:07:22', '2022-06-18 09:07:22'),
(948, 'Aut quia sit recusandae. Quam ullam maiores aut aliquam dolorum nihil dicta. Perferendis dolores voluptatem nisi maiores ipsum facilis non. Earum cumque dolor at omnis.', '', 84, 7, '2022-06-18 09:07:22', '2022-06-18 09:07:22'),
(949, 'Voluptates consectetur et impedit. Ut distinctio nam commodi eligendi aliquid.', '', 79, 3, '2022-06-18 09:07:22', '2022-06-18 09:07:22'),
(950, 'Et aut necessitatibus voluptatem perspiciatis autem harum corrupti libero. Aut veniam minus voluptatem enim nihil dignissimos qui. Distinctio odio nihil cumque eum quam dolorum quidem. Nulla cumque ut ea ipsam dolor ratione.', '', 93, 7, '2022-06-18 09:07:22', '2022-06-18 09:07:22'),
(951, 'Pariatur optio velit dolor odit. Ut consectetur unde nihil nemo consequatur atque. Dolore aut natus repudiandae quibusdam autem.', '', 52, 9, '2022-06-18 09:07:22', '2022-06-18 09:07:22'),
(952, 'Et aliquam ut unde id similique reprehenderit quia. Assumenda aperiam voluptatum facere vel. Iure blanditiis consequatur in consectetur sed placeat ab. Quos commodi voluptates perferendis et dolore quidem impedit. Et sit fuga iusto soluta quam est.', '', 86, 1, '2022-06-18 09:07:22', '2022-06-18 09:07:22'),
(953, 'Quisquam aliquid nam est ducimus. Totam aut placeat quisquam provident voluptate. Soluta illo molestiae ut perferendis.', '', 13, 1, '2022-06-18 09:07:22', '2022-06-18 09:07:22'),
(954, 'Molestiae dolorum rerum quidem aut autem et nihil. Reiciendis in enim et facere.', '', 53, 9, '2022-06-18 09:07:22', '2022-06-18 09:07:22'),
(955, 'Sequi qui in est rerum debitis molestiae rerum. Dolor natus ex qui sint autem voluptate. Eos repellendus occaecati qui at.', '', 65, 10, '2022-06-18 09:07:22', '2022-06-18 09:07:22'),
(956, 'Tempora ducimus ducimus est ut qui dicta ipsam. Consequatur rem nesciunt ab. Aut doloremque rerum quia sunt.', '', 93, 7, '2022-06-18 09:07:22', '2022-06-18 09:07:22'),
(957, 'Repellendus id dolores reiciendis quis minima placeat ab cumque. Minus velit sed sunt. Veniam vel esse animi est. Ab soluta odit aut.', '', 59, 10, '2022-06-18 09:07:22', '2022-06-18 09:07:22'),
(958, 'Ducimus aut enim explicabo. Eveniet ipsum sit sequi nobis quo est architecto a.', '', 72, 6, '2022-06-18 09:07:22', '2022-06-18 09:07:22'),
(959, 'Pariatur iure harum fugiat. Occaecati pariatur itaque eligendi nobis doloribus illum quas fuga. Aut unde dolorem et laborum dolores quas nulla.', '', 73, 1, '2022-06-18 09:07:22', '2022-06-18 09:07:22'),
(960, 'Dicta voluptas est eaque aperiam. Repellat sed inventore quam eum repellat provident quasi. Quidem consequatur eos dolor quia. Nesciunt dolorem qui occaecati exercitationem cum quasi sapiente.', '', 38, 3, '2022-06-18 09:07:22', '2022-06-18 09:07:22'),
(961, 'Enim ea voluptatibus eos alias cumque consequatur. Deserunt hic ratione eius neque animi eaque voluptatem at. Dolorem velit consequuntur velit soluta.', '', 77, 5, '2022-06-18 09:07:22', '2022-06-18 09:07:22'),
(962, 'Similique est natus modi dicta eum vel ratione. Minima a aliquid excepturi rem vitae quo. Voluptatem sapiente et dolores libero. Amet sunt beatae dolorum voluptas natus quos quisquam esse.', '', 90, 4, '2022-06-18 09:07:22', '2022-06-18 09:07:22'),
(963, 'Dolor a facilis eveniet. Nostrum voluptate quia voluptatem explicabo. Exercitationem suscipit et voluptatem a fugit voluptates.', '', 57, 5, '2022-06-18 09:07:22', '2022-06-18 09:07:22'),
(964, 'Qui dicta debitis fuga enim quia natus eaque et. Quo doloremque voluptatem nisi expedita dolore voluptatem perferendis. Ut ea sit dolorum qui.', '', 59, 10, '2022-06-18 09:07:22', '2022-06-18 09:07:22'),
(965, 'Id aliquam quae magni placeat nesciunt nisi. Ab rem sequi eligendi labore eum ea qui.', '', 77, 6, '2022-06-18 09:07:22', '2022-06-18 09:07:22'),
(966, 'Excepturi sit minima quo aut autem architecto. Quam perspiciatis nihil exercitationem est. Et explicabo modi nesciunt corporis.', '', 24, 10, '2022-06-18 09:07:22', '2022-06-18 09:07:22'),
(967, 'Ut commodi qui minus id nihil veniam inventore. Repellendus nostrum id vero iste voluptatem. Dignissimos dolorem repellendus quisquam eius dolorem commodi sunt. In voluptates aut mollitia ut et facere.', '', 33, 7, '2022-06-18 09:07:22', '2022-06-18 09:07:22'),
(968, 'Rerum nihil minima dolor consequatur. Veritatis consequatur consectetur perferendis exercitationem debitis. Rerum tenetur consequatur aut qui ut enim maxime.', '', 28, 2, '2022-06-18 09:07:22', '2022-06-18 09:07:22'),
(969, 'Sequi rerum quis nesciunt odio corrupti. Illum sequi aut mollitia exercitationem asperiores excepturi ratione. Nobis voluptatibus consectetur earum eum.', '', 7, 2, '2022-06-18 09:07:22', '2022-06-18 09:07:22'),
(970, 'Sunt quo et unde deleniti ipsam. Qui et rerum qui veniam atque inventore. Nulla blanditiis consequatur eum culpa. Sed quae illo id modi vitae voluptatibus ut.', '', 52, 2, '2022-06-18 09:07:22', '2022-06-18 09:07:22'),
(971, 'At magni qui beatae earum eum nihil eum. Repellendus voluptatem dicta eveniet esse id quia. Laborum dolorum quia alias nihil. Sunt commodi voluptate quos sunt ducimus. Voluptatibus a a sint sit consequatur adipisci sed.', '', 26, 9, '2022-06-18 09:07:22', '2022-06-18 09:07:22'),
(972, 'Ut necessitatibus accusantium perspiciatis itaque maxime consequatur. Voluptate eos ut ipsam sed non. Voluptatum omnis voluptatibus qui dolores corporis quos dignissimos expedita.', '', 49, 1, '2022-06-18 09:07:22', '2022-06-18 09:07:22'),
(973, 'Assumenda voluptatibus voluptate dolorum vel a alias. Non quisquam repellat ab dignissimos aperiam aut consectetur perferendis. Tempora maiores consequatur id iste consequatur omnis. Nemo ut eligendi iusto assumenda repellat.', '', 40, 9, '2022-06-18 09:07:22', '2022-06-18 09:07:22'),
(974, 'Praesentium consequatur temporibus inventore. Quo mollitia et qui error ex in. Natus dolorem et doloremque libero illo neque. Quaerat porro sunt et quia.', '', 65, 8, '2022-06-18 09:07:22', '2022-06-18 09:07:22'),
(975, 'Vel et veritatis deleniti molestiae accusantium officiis quisquam. Qui ut rerum voluptatem. Veritatis non aliquam eius deleniti aut est dolor eius. Dolorem dolor ipsam repellat non possimus odio.', '', 94, 3, '2022-06-18 09:07:22', '2022-06-18 09:07:22'),
(976, 'Vel recusandae et blanditiis veritatis magni. Repellat tenetur dolor ipsa quaerat sit voluptatem minus. Et beatae maiores quas ut itaque officiis beatae.', '', 42, 8, '2022-06-18 09:07:22', '2022-06-18 09:07:22'),
(977, 'Sit eum quasi qui inventore voluptas voluptatem. Laudantium blanditiis ad doloribus eaque qui laboriosam molestias. Voluptate et rerum officia a dignissimos. Tenetur rerum sunt occaecati debitis voluptas.', '', 92, 10, '2022-06-18 09:07:22', '2022-06-18 09:07:22'),
(978, 'Adipisci voluptas nostrum aut illo ullam culpa est molestiae. Nam non sed est animi. Animi illo voluptatem et reprehenderit consectetur. Assumenda expedita nulla sint animi ut omnis dolores.', '', 68, 9, '2022-06-18 09:07:22', '2022-06-18 09:07:22'),
(979, 'Aliquam cumque assumenda ducimus tempore voluptatem minus aut. Vel iure inventore quia unde quam rerum. Quia delectus voluptatem quod tempore dolor sapiente. Quia ex quisquam veritatis quis accusantium voluptatem et.', '', 38, 10, '2022-06-18 09:07:22', '2022-06-18 09:07:22'),
(980, 'Tenetur omnis rerum omnis est. Minus quia praesentium ipsam accusamus sint voluptatibus. Repudiandae et aperiam amet eius nam amet hic aut. Optio dolores optio corporis pariatur aspernatur adipisci necessitatibus ad.', '', 80, 2, '2022-06-18 09:07:22', '2022-06-18 09:07:22'),
(981, 'Eaque qui ea dolorem aut perferendis ea temporibus atque. Tenetur praesentium officiis quis eos exercitationem sit impedit. Ea officia nesciunt dolor officia maiores.', '', 100, 7, '2022-06-18 09:07:22', '2022-06-18 09:07:22'),
(982, 'Aliquid temporibus est nulla neque ut saepe. Officia inventore harum autem sed sunt deleniti officia. Reiciendis quo veniam provident nostrum placeat.', '', 21, 1, '2022-06-18 09:07:22', '2022-06-18 09:07:22'),
(983, 'Et molestias enim repellendus voluptate maxime. Ullam laboriosam ratione qui dolorem. Ipsum et voluptatem qui omnis molestiae. Voluptatem illum eum nihil similique sed qui.', '', 80, 9, '2022-06-18 09:07:22', '2022-06-18 09:07:22'),
(984, 'Distinctio voluptatibus quisquam commodi rerum. Ipsum sunt maiores labore quia eligendi itaque. Voluptatem velit maxime sint quia error qui ea. Dignissimos ut repudiandae incidunt dolorem laudantium mollitia praesentium.', '', 27, 4, '2022-06-18 09:07:22', '2022-06-18 09:07:22'),
(985, 'Dolores nostrum maxime consequuntur rerum. Aut corrupti totam illum quo eum nesciunt. Possimus molestiae cum adipisci aut. Tenetur aut officia voluptas rerum aut natus omnis.', '', 91, 4, '2022-06-18 09:07:22', '2022-06-18 09:07:22'),
(986, 'Et non vel nisi officia sapiente. Temporibus at iure accusantium sit fuga et. Perferendis sunt voluptates asperiores voluptas sed. Repudiandae blanditiis enim facere et odit.', '', 88, 8, '2022-06-18 09:07:22', '2022-06-18 09:07:22'),
(987, 'Sequi magni nam est ut. Consectetur deleniti repellendus cumque magni. Numquam est aut pariatur labore blanditiis perspiciatis. Sed vero consequuntur ut ducimus et qui id.', '', 88, 10, '2022-06-18 09:07:22', '2022-06-18 09:07:22'),
(988, 'Explicabo explicabo natus fugiat porro autem voluptatem labore. Enim dignissimos et iure aut est magnam. Nobis rem aut tempora dolor cumque. Est iste sunt molestias nulla nisi ipsum delectus voluptatem.', '', 54, 10, '2022-06-18 09:07:22', '2022-06-18 09:07:22'),
(989, 'Voluptas quidem cumque similique vitae eum. Enim saepe vitae quia harum cupiditate. Quo sit eum nisi autem expedita. Voluptas perspiciatis odit eius adipisci qui tempora dicta.', '', 71, 9, '2022-06-18 09:07:22', '2022-06-18 09:07:22'),
(990, 'Deserunt tempore nulla assumenda optio ea alias. Voluptas eligendi consequuntur voluptatem consectetur qui quos fugit. Saepe et distinctio optio natus.', '', 95, 9, '2022-06-18 09:07:22', '2022-06-18 09:07:22'),
(991, 'Facere ipsum quos voluptas id. Beatae aut voluptatum earum deserunt omnis cumque. Molestias neque voluptatem accusamus veniam id. Ipsum sit in totam voluptates quis qui.', '', 55, 4, '2022-06-18 09:07:22', '2022-06-18 09:07:22'),
(992, 'Cupiditate deserunt aliquid voluptatem tempora. Modi aspernatur eius provident cumque quidem.', '', 73, 3, '2022-06-18 09:07:22', '2022-06-18 09:07:22'),
(993, 'Nisi ut modi debitis culpa adipisci est quibusdam. Reprehenderit ut porro harum qui laudantium. Labore tempore aliquam nam aut at earum amet.', '', 16, 2, '2022-06-18 09:07:22', '2022-06-18 09:07:22'),
(994, 'Eaque natus vel saepe. Voluptatibus illum occaecati necessitatibus aut sunt. Sint ut placeat voluptatem mollitia alias ut molestias. Unde optio fuga et sit.', '', 56, 3, '2022-06-18 09:07:22', '2022-06-18 09:07:22'),
(995, 'Suscipit voluptatibus ut tempore. Et perferendis occaecati dolor voluptate quia consequatur et. Et mollitia et ducimus ea porro.', '', 75, 5, '2022-06-18 09:07:22', '2022-06-18 09:07:22'),
(996, 'Praesentium aut aut qui ut voluptatum iure nostrum. Sunt itaque corrupti vel molestias fugit eum quidem. Quidem possimus iure atque. Molestias distinctio nemo est ad optio incidunt.', '', 83, 9, '2022-06-18 09:07:22', '2022-06-18 09:07:22'),
(997, 'Molestiae et beatae iure aut saepe ratione exercitationem. Facere consectetur consequatur eius est non incidunt rerum. Ut consequatur dolor rerum molestiae et aspernatur architecto. Iste ut quas et voluptatem sit nam tenetur.', '', 32, 8, '2022-06-18 09:07:22', '2022-06-18 09:07:22'),
(998, 'Aut temporibus mollitia laborum iure quod qui. Voluptatem quis nisi voluptatum. Vitae soluta asperiores beatae qui possimus.', '', 17, 5, '2022-06-18 09:07:22', '2022-06-18 09:07:22'),
(999, 'Culpa nam corrupti accusamus incidunt sunt tempore. Ratione et sed alias iusto. Nobis velit sint voluptas dolor ipsum explicabo. Eos magnam quis sunt omnis.', '', 100, 7, '2022-06-18 09:07:22', '2022-06-18 09:07:22'),
(1000, 'Vel consequatur natus asperiores quae sed numquam sint. Harum qui et ut ratione consequatur quasi. Eligendi fugiat alias quia rerum. Animi fugit eum et inventore.', '', 68, 4, '2022-06-18 09:07:22', '2022-06-18 09:07:22'),
(1001, 'eff wef assa as as', '', 11, 1, '2022-06-18 23:46:35', '2022-06-19 00:03:54');

-- --------------------------------------------------------

--
-- Table structure for table `failed_jobs`
--

CREATE TABLE `failed_jobs` (
  `id` bigint(20) UNSIGNED NOT NULL,
  `uuid` varchar(255) COLLATE utf8mb4_unicode_ci NOT NULL,
  `connection` text COLLATE utf8mb4_unicode_ci NOT NULL,
  `queue` text COLLATE utf8mb4_unicode_ci NOT NULL,
  `payload` longtext COLLATE utf8mb4_unicode_ci NOT NULL,
  `exception` longtext COLLATE utf8mb4_unicode_ci NOT NULL,
  `failed_at` timestamp NOT NULL DEFAULT current_timestamp()
) ENGINE=InnoDB DEFAULT CHARSET=utf8mb4 COLLATE=utf8mb4_unicode_ci;

-- --------------------------------------------------------

--
-- Table structure for table `migrations`
--

CREATE TABLE `migrations` (
  `id` int(10) UNSIGNED NOT NULL,
  `migration` varchar(255) COLLATE utf8mb4_unicode_ci NOT NULL,
  `batch` int(11) NOT NULL
) ENGINE=InnoDB DEFAULT CHARSET=utf8mb4 COLLATE=utf8mb4_unicode_ci;

--
-- Dumping data for table `migrations`
--

INSERT INTO `migrations` (`id`, `migration`, `batch`) VALUES
(141, '2014_10_12_000000_create_users_table', 1),
(142, '2014_10_12_100000_create_password_resets_table', 1),
(143, '2019_08_19_000000_create_failed_jobs_table', 1),
(144, '2019_12_14_000001_create_personal_access_tokens_table', 1),
(145, '2022_06_18_101837_create_categories_table', 1),
(146, '2022_06_18_101849_create_posts_table', 1),
(147, '2022_06_18_101924_create_comments_table', 1),
(148, '2022_06_18_124019_create_roles_table', 2),
(149, '2022_06_18_124208_create_user_roles_table', 2),
(150, '2022_06_19_194806_create_permissions_table', 3);

-- --------------------------------------------------------

--
-- Table structure for table `password_resets`
--

CREATE TABLE `password_resets` (
  `email` varchar(255) COLLATE utf8mb4_unicode_ci NOT NULL,
  `token` varchar(255) COLLATE utf8mb4_unicode_ci NOT NULL,
  `created_at` timestamp NULL DEFAULT NULL
) ENGINE=InnoDB DEFAULT CHARSET=utf8mb4 COLLATE=utf8mb4_unicode_ci;

-- --------------------------------------------------------

--
-- Table structure for table `permissions`
--

CREATE TABLE `permissions` (
  `id` bigint(20) UNSIGNED NOT NULL,
  `name` varchar(255) COLLATE utf8mb4_unicode_ci NOT NULL,
  `created_at` timestamp NULL DEFAULT NULL,
  `updated_at` timestamp NULL DEFAULT NULL
) ENGINE=InnoDB DEFAULT CHARSET=utf8mb4 COLLATE=utf8mb4_unicode_ci;

--
-- Dumping data for table `permissions`
--

INSERT INTO `permissions` (`id`, `name`, `created_at`, `updated_at`) VALUES
(1, 'role-view', '2022-06-19 18:46:59', '2022-06-19 21:11:58'),
(2, 'role-create', '2022-06-19 18:47:25', '2022-06-19 21:12:07'),
(3, 'role-update', '2022-06-19 18:47:45', '2022-06-19 21:12:16'),
(4, 'role-delete', '2022-06-19 18:47:55', '2022-06-19 21:12:25'),
(7, 'permission-view', '2022-06-19 21:13:05', '2022-06-19 21:13:05'),
(8, 'permission-create', '2022-06-19 21:13:19', '2022-06-19 21:13:19'),
(9, 'permission-update', '2022-06-19 21:13:34', '2022-06-19 21:13:34'),
(10, 'permission-delete', '2022-06-19 21:13:44', '2022-06-19 21:13:44'),
(11, 'category-view', '2022-06-19 23:10:49', '2022-06-19 23:10:49'),
(12, 'category-create', '2022-06-19 23:11:00', '2022-06-19 23:11:00'),
(13, 'category-update', '2022-06-19 23:11:13', '2022-06-19 23:11:13'),
(14, 'category-delete', '2022-06-19 23:11:25', '2022-06-19 23:11:25'),
(15, 'user-view', '2022-06-20 01:36:47', '2022-06-20 01:36:47'),
(16, 'user-create', '2022-06-20 01:37:03', '2022-06-20 01:37:03'),
(17, 'user-update', '2022-06-20 01:37:13', '2022-06-20 01:37:13'),
(18, 'user-delete', '2022-06-20 01:37:30', '2022-06-20 01:37:30'),
(19, 'post-view', '2022-06-20 01:38:07', '2022-06-20 01:38:07'),
(20, 'post-create', '2022-06-20 01:38:25', '2022-06-20 01:38:25'),
(21, 'post-update', '2022-06-20 01:38:35', '2022-06-20 01:38:35'),
(22, 'post-delete', '2022-06-20 01:38:45', '2022-06-20 01:38:45'),
(23, 'comment-view', '2022-06-20 01:39:14', '2022-06-20 01:39:14'),
(24, 'comment-create', '2022-06-20 01:39:24', '2022-06-20 01:39:24'),
(25, 'comment-update', '2022-06-20 01:39:34', '2022-06-20 01:39:34'),
(26, 'comment-delete', '2022-06-20 01:39:45', '2022-06-20 01:39:45'),
(27, 'comment-filter', '2022-06-20 01:39:58', '2022-06-20 01:39:58');

-- --------------------------------------------------------

--
-- Table structure for table `permission_role`
--

CREATE TABLE `permission_role` (
  `role_id` int(11) NOT NULL,
  `permission_id` int(11) NOT NULL
) ENGINE=InnoDB DEFAULT CHARSET=utf8mb4 COLLATE=utf8mb4_unicode_ci;

--
-- Dumping data for table `permission_role`
--

INSERT INTO `permission_role` (`role_id`, `permission_id`) VALUES
(1, 1),
(6, 1),
(6, 7),
(1, 7),
(2, 1),
(2, 7),
(1, 11),
(1, 15),
(1, 19),
(1, 23),
(1, 2),
(1, 3),
(1, 4),
(1, 8),
(1, 9),
(1, 10),
(1, 12),
(1, 13),
(1, 14),
(1, 16),
(1, 17),
(1, 18),
(1, 20),
(1, 21),
(1, 22),
(1, 24),
(1, 25),
(1, 26),
(1, 27);

-- --------------------------------------------------------

--
-- Table structure for table `personal_access_tokens`
--

CREATE TABLE `personal_access_tokens` (
  `id` bigint(20) UNSIGNED NOT NULL,
  `tokenable_type` varchar(255) COLLATE utf8mb4_unicode_ci NOT NULL,
  `tokenable_id` bigint(20) UNSIGNED NOT NULL,
  `name` varchar(255) COLLATE utf8mb4_unicode_ci NOT NULL,
  `token` varchar(64) COLLATE utf8mb4_unicode_ci NOT NULL,
  `abilities` text COLLATE utf8mb4_unicode_ci DEFAULT NULL,
  `last_used_at` timestamp NULL DEFAULT NULL,
  `created_at` timestamp NULL DEFAULT NULL,
  `updated_at` timestamp NULL DEFAULT NULL
) ENGINE=InnoDB DEFAULT CHARSET=utf8mb4 COLLATE=utf8mb4_unicode_ci;

-- --------------------------------------------------------

--
-- Table structure for table `posts`
--

CREATE TABLE `posts` (
  `id` bigint(20) UNSIGNED NOT NULL,
  `title` varchar(255) COLLATE utf8mb4_unicode_ci NOT NULL,
  `content` text COLLATE utf8mb4_unicode_ci NOT NULL,
  `attachment` varchar(255) COLLATE utf8mb4_unicode_ci DEFAULT NULL,
  `category_id` bigint(20) NOT NULL,
  `user_id` bigint(20) NOT NULL,
  `created_at` timestamp NULL DEFAULT NULL,
  `updated_at` timestamp NULL DEFAULT NULL
) ENGINE=InnoDB DEFAULT CHARSET=utf8mb4 COLLATE=utf8mb4_unicode_ci;

--
-- Dumping data for table `posts`
--

INSERT INTO `posts` (`id`, `title`, `content`, `attachment`, `category_id`, `user_id`, `created_at`, `updated_at`) VALUES
(1, 'aut', 'Fugit non corrupti corrupti sequi tempore. Et dolorem nam quia reiciendis sit veniam alias voluptas. Perspiciatis quia et aliquam itaque. Repellendus atque doloribus velit aliquam quo hic.', NULL, 8, 10, '2022-06-18 09:07:18', '2022-06-18 09:07:18'),
(2, 'veritatis', 'Aut incidunt sunt dolorum ut aut ea. Sint est veritatis provident exercitationem non accusantium aut.', NULL, 9, 8, '2022-06-18 09:07:19', '2022-06-18 09:07:19'),
(3, 'autem', 'Quia dicta sed dolorum qui aspernatur odit aut. Non reiciendis voluptatem sint sed quae quae. Iusto non minima dignissimos magnam autem dolores iusto. Voluptatum pariatur odio corporis possimus quos. Laudantium cum atque voluptas cumque pariatur exercitationem.', NULL, 4, 4, '2022-06-18 09:07:19', '2022-06-18 09:07:19'),
(4, 'aperiam', 'Iste facilis dolor iste iste. Repudiandae corporis harum velit explicabo nobis voluptatibus ab. Necessitatibus aliquam minus quisquam cupiditate ex totam.', NULL, 2, 9, '2022-06-18 09:07:19', '2022-06-18 09:07:19'),
(5, 'ut', 'Hic cumque doloremque sed consequuntur ducimus nisi iste at. Nihil vero fuga eaque ullam voluptatem nihil.', NULL, 7, 1, '2022-06-18 09:07:19', '2022-06-18 09:07:19'),
(6, 'officiis', 'Occaecati perferendis a dolores consequuntur dignissimos aliquid. Sint provident repellendus rerum aut nobis qui maiores. Aut quia quod reprehenderit voluptates delectus voluptate deserunt. Iusto est et ab provident tenetur vel magni provident.', NULL, 9, 7, '2022-06-18 09:07:19', '2022-06-18 09:07:19'),
(7, 'facere', 'Quia dolor ipsum nihil et rerum voluptas. Aliquam explicabo ex provident maiores et quisquam omnis. Dicta nostrum non qui nihil modi.', NULL, 10, 4, '2022-06-18 09:07:19', '2022-06-18 09:07:19'),
(8, 'sed', 'Doloribus et qui eum ut earum odio autem. Voluptate et ut consectetur facilis nam fugiat voluptas dolor. Consequatur natus inventore deserunt soluta nobis. Expedita esse possimus autem est a omnis.', NULL, 3, 8, '2022-06-18 09:07:19', '2022-06-18 09:07:19'),
(9, 'repellat', 'Et sit ratione officia adipisci voluptas ipsa. Culpa voluptatum voluptatum non. Unde distinctio voluptatem nihil.', NULL, 10, 4, '2022-06-18 09:07:19', '2022-06-18 09:07:19'),
(10, 'esse', 'Aliquid veritatis doloremque quia sed quas. Vel ut magni sunt ut ipsum. Et quia neque qui quis qui. Voluptas et rem expedita nostrum in.', NULL, 2, 9, '2022-06-18 09:07:19', '2022-06-18 09:07:19'),
(11, 'excepturi', 'Aut voluptatem eum veritatis aut molestiae. Minima eos corporis velit in ea sed. Maxime debitis ut odit facere esse. Minima quis doloremque dignissimos accusantium neque.', NULL, 9, 10, '2022-06-18 09:07:19', '2022-06-18 09:07:19'),
(12, 'fugiat', 'Illo unde recusandae quia veritatis nihil aperiam distinctio. Modi dolorem sit ut atque eos harum. Inventore ut saepe rerum qui.', NULL, 7, 10, '2022-06-18 09:07:19', '2022-06-18 09:07:19'),
(13, 'voluptates', 'Debitis eveniet rerum vel. Perspiciatis rerum enim repudiandae cupiditate aspernatur omnis sit dolor. Recusandae quae vel omnis provident quia placeat distinctio.', NULL, 6, 10, '2022-06-18 09:07:19', '2022-06-18 09:07:19'),
(14, 'voluptas', 'Ut quidem doloremque voluptas pariatur sit quia. Consequatur nemo corrupti est aperiam minima. Aliquid pariatur enim eaque id a rerum. Et et illo quas optio consequatur aut tempore.', NULL, 5, 7, '2022-06-18 09:07:19', '2022-06-18 09:07:19'),
(15, 'id', 'Dolore amet impedit et accusantium numquam veniam. Velit quia omnis explicabo nam rerum earum. Repellat facilis molestiae et autem. Rem voluptatem deleniti voluptates dolorem non exercitationem.', NULL, 10, 8, '2022-06-18 09:07:19', '2022-06-18 09:07:19'),
(16, 'expedita', 'Rerum incidunt sit tempore et. Necessitatibus facere non et eum. Et autem et asperiores. Recusandae porro tempora enim ad rerum.', NULL, 10, 3, '2022-06-18 09:07:19', '2022-06-18 09:07:19'),
(17, 'impedit', 'Voluptate consequatur delectus natus adipisci. Quia consequatur assumenda ratione hic at atque voluptas. Dolorem voluptate et dignissimos. Magni culpa quia libero tempora qui sed et.', NULL, 5, 6, '2022-06-18 09:07:19', '2022-06-18 09:07:19'),
(19, 'corporis', 'Ut praesentium non aliquid ratione qui voluptates provident. Unde saepe distinctio iusto voluptas vel ut cumque. Magni hic facilis quidem ab quam quasi non iste. Ut eius aliquam accusantium suscipit.', NULL, 8, 3, '2022-06-18 09:07:19', '2022-06-18 09:07:19'),
(20, 'at', 'Nisi voluptatem repellat porro enim doloremque a aliquid minima. Illum illo nulla officia necessitatibus qui ut et perspiciatis. Saepe nemo rem dignissimos et omnis eius officia. Modi et a est.', NULL, 7, 7, '2022-06-18 09:07:19', '2022-06-18 09:07:19'),
(21, 'consequuntur', 'Odio possimus omnis cupiditate dolorem et. Nemo et dignissimos ipsam dolore. Expedita distinctio porro velit sit in dolore. Totam aspernatur asperiores doloribus voluptatum.', NULL, 6, 10, '2022-06-18 09:07:19', '2022-06-18 09:07:19'),
(22, 'officia', 'Laborum sed labore quo beatae nihil. Et aut impedit maiores omnis fugiat accusantium voluptatem et. Quia minus esse veniam. Maiores totam vero saepe libero nihil blanditiis.', NULL, 9, 10, '2022-06-18 09:07:19', '2022-06-18 09:07:19'),
(23, 'sint', 'Vel est voluptatibus voluptatem. Placeat consequuntur fugiat quis quibusdam dolor impedit accusantium consequatur. Et quos excepturi recusandae quia velit ratione. Recusandae et voluptate minus.', NULL, 9, 8, '2022-06-18 09:07:19', '2022-06-18 09:07:19'),
(24, 'facere', 'Vero in et est qui maxime. Deleniti consectetur molestiae animi magni praesentium. Sunt voluptate autem ad ea ut accusantium.', NULL, 9, 9, '2022-06-18 09:07:19', '2022-06-18 09:07:19'),
(25, 'nam', 'Inventore tenetur similique in harum. A debitis cupiditate rerum reprehenderit. Est facere esse at quos et.', NULL, 6, 8, '2022-06-18 09:07:19', '2022-06-18 09:07:19'),
(26, 'delectus', 'Harum aut quia doloremque provident aut sit. Rerum dolorem nisi sunt eius porro. Reprehenderit tempora repellendus fugiat qui et voluptatem.', NULL, 10, 7, '2022-06-18 09:07:19', '2022-06-18 09:07:19'),
(27, 'sint', 'Eius assumenda aut unde. Repellat fugiat magni qui cum voluptas rem iste. Quia vero porro debitis cumque voluptatem odit accusamus. Harum voluptatem tempore quos tempora recusandae perferendis repellendus.', NULL, 3, 7, '2022-06-18 09:07:19', '2022-06-18 09:07:19'),
(28, 'ullam', 'Ad nulla blanditiis est voluptas quidem qui sapiente fugit. Voluptatem accusantium sed animi quaerat voluptas doloribus nobis eum. Maxime harum porro recusandae perferendis sunt voluptas voluptates veritatis.', NULL, 3, 8, '2022-06-18 09:07:19', '2022-06-18 09:07:19'),
(29, 'dolorem', 'Excepturi asperiores ratione labore harum totam magni aperiam aut. Aut aut sapiente vero dolores nemo earum. Harum dolorem porro aut illo tempore delectus repudiandae.', NULL, 5, 3, '2022-06-18 09:07:19', '2022-06-18 09:07:19'),
(30, 'eum', 'Voluptatem laborum vel nemo ab est ullam. Eum ea quos hic facere neque et. Dicta dolor voluptatum omnis perspiciatis voluptas. Dolorum sint ea fuga voluptatum vero magni.', NULL, 5, 2, '2022-06-18 09:07:19', '2022-06-18 09:07:19'),
(31, 'rerum', 'Similique explicabo omnis soluta. Iste qui sit ipsam atque blanditiis expedita excepturi. Deleniti aperiam sapiente numquam qui blanditiis.', NULL, 8, 2, '2022-06-18 09:07:19', '2022-06-18 09:07:19'),
(32, 'nam', 'Et in nam accusantium quae itaque. Laboriosam atque fugit aut ea enim. Placeat incidunt omnis pariatur velit aut iusto. Non et amet sint quam quia.', NULL, 3, 8, '2022-06-18 09:07:19', '2022-06-18 09:07:19'),
(33, 'nisi', 'Delectus praesentium ut consequatur quaerat sapiente ut earum. Aliquid consequatur in quia occaecati nihil sit. Aspernatur minima consequatur maxime assumenda. Accusamus perspiciatis a dignissimos omnis. Tempore dolor dolores est totam possimus ea.', NULL, 9, 9, '2022-06-18 09:07:19', '2022-06-18 09:07:19'),
(34, 'eum', 'Aliquid velit repellat provident atque quasi dolores laborum. Magni magnam enim dolorem illo. Eos quaerat necessitatibus quibusdam sed laudantium quos iste natus. Dolorem provident suscipit aut quisquam facere molestiae. Quia fugiat inventore quae qui saepe iusto omnis.', NULL, 9, 6, '2022-06-18 09:07:19', '2022-06-18 09:07:19'),
(35, 'ut', 'Culpa vel nobis esse facere nesciunt. Quae eligendi porro sunt quis id eius. Aut ad in dolorum assumenda cum ut non.', NULL, 8, 8, '2022-06-18 09:07:19', '2022-06-18 09:07:19'),
(36, 'eius', 'Quaerat fuga eos dolore placeat iusto autem ipsam. Sit nihil quae est quasi expedita sint nisi rem. Molestiae distinctio deserunt ea excepturi facere eius iste.', NULL, 10, 9, '2022-06-18 09:07:19', '2022-06-18 09:07:19'),
(37, 'deserunt', 'Harum corporis et totam quia corrupti et. Dolor maiores iusto quam ab adipisci modi. Deserunt repellendus ut dolorem explicabo. Non sapiente consequatur eligendi omnis sit.', NULL, 10, 2, '2022-06-18 09:07:19', '2022-06-18 09:07:19'),
(38, 'soluta', 'Et expedita mollitia totam velit sed. Repudiandae ipsum ducimus aliquid. Libero iste quisquam et similique cumque provident. Quos corrupti ullam sint corrupti sed nulla pariatur voluptatum.', NULL, 2, 9, '2022-06-18 09:07:19', '2022-06-18 09:07:19'),
(39, 'natus', 'Provident voluptatem ducimus a facilis quo. Nisi doloribus eligendi voluptatem libero dolorum mollitia laudantium. Repellat nisi et sunt.', NULL, 10, 1, '2022-06-18 09:07:19', '2022-06-18 09:07:19'),
(40, 'perferendis', 'Qui architecto fugiat eligendi debitis eum perferendis. Voluptatem culpa consectetur pariatur. Molestiae et enim placeat ducimus numquam ut qui. Omnis mollitia deserunt quisquam voluptates saepe sequi.', NULL, 3, 10, '2022-06-18 09:07:19', '2022-06-18 09:07:19'),
(41, 'inventore', 'Voluptate qui possimus et libero unde. Aspernatur possimus illum qui et enim. Dolorum velit optio asperiores repudiandae possimus mollitia.', NULL, 10, 8, '2022-06-18 09:07:19', '2022-06-18 09:07:19'),
(42, 'incidunt', 'Facilis ut autem voluptates provident. Ipsum et possimus neque repellendus voluptas. Occaecati architecto cumque aperiam minus. Ratione sequi accusamus non eum at libero officia.', NULL, 7, 8, '2022-06-18 09:07:19', '2022-06-18 09:07:19'),
(43, 'ipsa', 'Occaecati corporis quia asperiores et maxime. Nobis eum et ut quia rerum ea. Ullam non eligendi facere repudiandae maiores iure ea. Minima sequi alias iste eveniet.', NULL, 4, 9, '2022-06-18 09:07:19', '2022-06-18 09:07:19'),
(44, 'repellat', 'Suscipit sunt explicabo voluptates magni vitae. Eos et molestiae et ratione molestiae. Fugit veritatis velit tempora est cumque quibusdam. Officiis dicta et illo est.', NULL, 4, 5, '2022-06-18 09:07:19', '2022-06-18 09:07:19'),
(45, 'iure', 'Cumque error ipsam consequuntur et veniam sunt sunt. Animi in quos voluptas debitis non quidem quasi laborum. Aspernatur dolor nobis qui consectetur aliquam nisi.', NULL, 9, 4, '2022-06-18 09:07:19', '2022-06-18 09:07:19'),
(46, 'explicabo', 'Mollitia asperiores aperiam amet delectus ut qui. Delectus ea fuga et nesciunt id iure. Deserunt neque accusamus magni esse est nulla. Et quam quo temporibus ab et voluptas.', NULL, 8, 10, '2022-06-18 09:07:19', '2022-06-18 09:07:19'),
(47, 'eum', 'Delectus quasi quia assumenda debitis qui numquam laudantium nihil. Quo adipisci provident et repudiandae. Culpa maxime error eaque eos. Quos saepe voluptatem laborum dolor eveniet earum error.', NULL, 10, 8, '2022-06-18 09:07:19', '2022-06-18 09:07:19'),
(48, 'incidunt', 'Est est non voluptatum eum consequatur modi dignissimos. Ut at rerum rerum accusantium itaque quibusdam. Eos quo sed rem.', NULL, 5, 7, '2022-06-18 09:07:19', '2022-06-18 09:07:19'),
(49, 'eaque', 'Commodi itaque vel omnis voluptatem voluptas consequatur ipsum. Ullam consequatur est sed a ratione qui ratione. Eum quo sapiente dolor in. Ducimus et distinctio aut labore necessitatibus occaecati ut quod.', NULL, 4, 7, '2022-06-18 09:07:19', '2022-06-18 09:07:19'),
(50, 'ab', 'Vitae deleniti saepe est corporis non. Ipsum porro consequatur consectetur.', NULL, 10, 4, '2022-06-18 09:07:19', '2022-06-18 09:07:19'),
(51, 'quis', 'Dolores rerum blanditiis repudiandae minima voluptate id eum fugit. Voluptatum aspernatur deleniti sed itaque qui molestias nemo. Eos aliquid non et sint voluptas totam. Dolores numquam est perspiciatis hic ex sit quibusdam.', NULL, 9, 4, '2022-06-18 09:07:19', '2022-06-18 09:07:19'),
(52, 'tempora', 'At quod natus sit autem nulla ad tenetur. Non earum hic cumque maxime molestiae pariatur. Reiciendis officia nobis veritatis cum. Architecto nulla provident aut iure minus iure aut.', NULL, 7, 7, '2022-06-18 09:07:19', '2022-06-18 09:07:19'),
(53, 'sed', 'Reiciendis dolorem voluptates sapiente eligendi accusamus sint. Doloribus quas omnis eum esse. Esse temporibus harum recusandae quia nemo soluta non.', NULL, 1, 9, '2022-06-18 09:07:19', '2022-06-18 09:07:19'),
(54, 'eaque', 'Fuga omnis earum laudantium harum assumenda quidem consequatur. Officia aut sed nisi dolore quae.', NULL, 1, 9, '2022-06-18 09:07:19', '2022-06-18 09:07:19'),
(55, 'facere', 'Tenetur omnis recusandae sit aspernatur. Aspernatur quisquam dolor sit qui illo saepe. Nostrum voluptatem et maxime atque aliquid aut.', NULL, 6, 7, '2022-06-18 09:07:19', '2022-06-18 09:07:19'),
(56, 'repellendus', 'Officiis consequuntur repellendus velit quibusdam distinctio suscipit. Ex rerum ducimus molestiae consequatur esse. Beatae quidem deleniti molestias iste possimus.', NULL, 8, 10, '2022-06-18 09:07:19', '2022-06-18 09:07:19'),
(57, 'aspernatur', 'Optio ipsam delectus libero rerum voluptatem eos. Inventore distinctio ullam rerum ex rerum rerum nostrum. Magnam sit fugit veritatis quas autem. Aliquid recusandae facilis perspiciatis vel.', NULL, 8, 8, '2022-06-18 09:07:19', '2022-06-18 09:07:19'),
(58, 'quam', 'Nihil voluptatem quis eaque omnis sint iusto. Quia aliquam eveniet ducimus odio. Omnis cupiditate itaque eum voluptatibus. Dignissimos molestias labore hic voluptatem sint consequatur et delectus.', NULL, 6, 9, '2022-06-18 09:07:19', '2022-06-18 09:07:19'),
(59, 'aut', 'Doloribus natus aperiam corrupti recusandae exercitationem quasi. Mollitia voluptatum nesciunt ipsam ullam. Sed voluptatum nobis aut optio. Doloribus cum ea quae a possimus nihil.', NULL, 9, 7, '2022-06-18 09:07:19', '2022-06-18 09:07:19'),
(60, 'sint', 'Pariatur maxime omnis est qui repudiandae quia. Veniam et maiores laboriosam eos ut dolores. Quaerat voluptate maiores eligendi in praesentium assumenda aut voluptatibus. Ut omnis unde soluta qui dicta velit repellendus labore.', NULL, 7, 3, '2022-06-18 09:07:19', '2022-06-18 09:07:19'),
(61, 'unde', 'Sunt quaerat placeat placeat sint. Voluptates incidunt nisi nihil architecto accusantium eligendi. Est nihil commodi ratione atque aut praesentium cupiditate. Nam occaecati dolor et aut laborum inventore beatae.', NULL, 8, 2, '2022-06-18 09:07:19', '2022-06-18 09:07:19'),
(62, 'nesciunt', 'Consequatur tempora provident hic blanditiis magni ut consectetur. Non in atque eligendi amet enim in velit eum. Rerum recusandae voluptas et a deleniti. Ut aperiam consequuntur ut voluptatem et et.', NULL, 7, 8, '2022-06-18 09:07:19', '2022-06-18 09:07:19'),
(63, 'necessitatibus', 'Aut repellendus voluptatibus sed sapiente ut assumenda sequi et. Odio soluta nostrum qui beatae laboriosam repellendus exercitationem. Explicabo voluptatem vitae ab cum autem consequuntur cum.', NULL, 5, 9, '2022-06-18 09:07:19', '2022-06-18 09:07:19'),
(64, 'ut', 'Enim eos explicabo itaque et. Suscipit est id quam fuga facilis vel officia. Quis soluta aperiam reprehenderit error dolor adipisci voluptatem. Repellat commodi nostrum animi.', NULL, 7, 10, '2022-06-18 09:07:19', '2022-06-18 09:07:19'),
(65, 'assumenda', 'Laboriosam et sit velit dolorum tenetur similique quia. Facere ipsa ratione cum dolor sit repellat. Et sequi eligendi aut odio. Officiis eaque sapiente est dolores corrupti ab praesentium.', NULL, 4, 10, '2022-06-18 09:07:19', '2022-06-18 09:07:19'),
(66, 'rerum', 'Id expedita ut corporis similique. Consequatur maxime maiores qui.', NULL, 6, 4, '2022-06-18 09:07:19', '2022-06-18 09:07:19'),
(67, 'est', 'Qui sapiente qui pariatur. Et temporibus id omnis ut quod a nihil. Reprehenderit amet soluta illum id veniam.', NULL, 2, 6, '2022-06-18 09:07:19', '2022-06-18 09:07:19'),
(68, 'dolorum', 'A aliquam fuga omnis repudiandae qui dolorum. Quidem blanditiis blanditiis ea perferendis non id omnis. Tempora aliquid sapiente amet. Aspernatur sed quia atque qui.', NULL, 7, 5, '2022-06-18 09:07:19', '2022-06-18 09:07:19'),
(69, 'reprehenderit', 'Autem consectetur praesentium ipsum est id. Aut accusamus sunt corporis eveniet. Aut et laboriosam eveniet non et. Velit laborum at nesciunt laboriosam expedita delectus quia ab.', NULL, 9, 7, '2022-06-18 09:07:19', '2022-06-18 09:07:19'),
(70, 'enim', 'Odio eaque rem et sunt. Eos laboriosam iusto animi rerum itaque aut consequuntur. Incidunt inventore possimus voluptatem non corporis consectetur veniam. Placeat quibusdam sunt harum alias tenetur suscipit doloribus sunt.', NULL, 2, 5, '2022-06-18 09:07:19', '2022-06-18 09:07:19'),
(71, 'laboriosam', 'Cumque qui esse iusto quae tempora eaque quae quasi. Nisi harum aut consequatur quod esse. Ut blanditiis incidunt dolor minima eum nam qui.', NULL, 9, 6, '2022-06-18 09:07:19', '2022-06-18 09:07:19'),
(72, 'iste', 'Quisquam impedit consequuntur totam magnam velit. Sapiente vitae consectetur laborum ratione ut quo eos. Enim eaque rerum temporibus debitis fugiat rerum dolorum eaque. Ipsa sunt non magni aspernatur dolorum harum.', NULL, 6, 1, '2022-06-18 09:07:19', '2022-06-18 09:07:19'),
(73, 'optio', 'Aut quasi quia libero dolorem aut qui. Voluptatem corrupti tenetur quam. Consequuntur ratione error fuga rerum repudiandae et.', NULL, 7, 10, '2022-06-18 09:07:19', '2022-06-18 09:07:19'),
(74, 'deleniti', 'Saepe minus dolorem provident maiores. Repellat repudiandae necessitatibus consectetur quis eum eius. Fugiat eum omnis quo rerum eaque culpa.', NULL, 6, 8, '2022-06-18 09:07:19', '2022-06-18 09:07:19'),
(75, 'non', 'Id eligendi cum explicabo consequatur autem. Sint voluptatum pariatur adipisci libero ea nulla. Velit totam distinctio est tempora. Omnis dicta quo neque sequi accusamus magni.', NULL, 7, 6, '2022-06-18 09:07:19', '2022-06-18 09:07:19'),
(76, 'neque', 'Praesentium dolorem harum similique expedita laudantium. Ut fuga quasi maxime ad. Ut magni rerum ullam modi corrupti.', NULL, 6, 7, '2022-06-18 09:07:19', '2022-06-18 09:07:19'),
(77, 'sint', 'Deleniti deleniti ipsam aut est neque unde aliquam. Commodi laboriosam delectus dolor dolorem odio. Nihil voluptatem nisi adipisci quaerat sed. Aut fugiat expedita quo quis repellendus voluptatem ipsa occaecati.', NULL, 6, 4, '2022-06-18 09:07:19', '2022-06-18 09:07:19'),
(78, 'reprehenderit', 'Veritatis consectetur sapiente quam vel nisi cum alias. Officia inventore quasi tenetur amet. Repellat nobis omnis tempora eum.', NULL, 8, 8, '2022-06-18 09:07:19', '2022-06-18 09:07:19'),
(79, 'voluptatem', 'Ut quia et dignissimos magnam qui. Quibusdam iure dignissimos assumenda autem et aspernatur quibusdam quia. Amet et quaerat aut ipsam qui ut.', NULL, 4, 9, '2022-06-18 09:07:19', '2022-06-18 09:07:19'),
(80, 'nisi', 'Molestiae qui sint quia beatae at molestiae ullam adipisci. Quisquam natus ut cumque. Soluta est ea similique nemo.', NULL, 2, 10, '2022-06-18 09:07:19', '2022-06-18 09:07:19'),
(81, 'magni', 'Quas dignissimos ullam modi dolorem excepturi pariatur. Cum tempore iste in consectetur iusto inventore adipisci. Ab aliquam earum laudantium dolor nemo. Modi qui itaque commodi dolorem incidunt.', NULL, 5, 10, '2022-06-18 09:07:19', '2022-06-18 09:07:19'),
(82, 'illo', 'Iure molestiae qui ratione consequatur. Quis quia alias exercitationem deleniti beatae ad qui suscipit. Voluptatibus minima et adipisci modi quas et.', NULL, 7, 3, '2022-06-18 09:07:19', '2022-06-18 09:07:19'),
(83, 'maxime', 'Voluptatem quam ut fugiat nobis impedit quis ab. Ad qui alias aut velit quis. Vero omnis quia sint quasi.', NULL, 9, 9, '2022-06-18 09:07:19', '2022-06-18 09:07:19'),
(84, 'nam', 'Deserunt aliquid possimus earum id non ipsum labore. Delectus assumenda est ab voluptate odio aut minus. Necessitatibus id reiciendis corrupti necessitatibus incidunt.', NULL, 4, 8, '2022-06-18 09:07:19', '2022-06-18 09:07:19'),
(85, 'ipsam', 'Consectetur fugit distinctio asperiores odit. Fugit magni error id unde aut voluptates saepe. Aperiam unde officia et sapiente. Qui in autem minus sunt minus.', NULL, 5, 5, '2022-06-18 09:07:19', '2022-06-18 09:07:19'),
(86, 'at', 'Quaerat omnis animi eos recusandae. Ut minima id tempora tenetur. Libero in aut ad et recusandae sed.', NULL, 10, 4, '2022-06-18 09:07:19', '2022-06-18 09:07:19'),
(87, 'sapiente', 'Minus omnis saepe molestias omnis voluptatem. Sapiente vel impedit corporis eaque et vel. Minima totam ut iure cumque. Magni aut praesentium consequatur enim consequatur nulla.', NULL, 10, 3, '2022-06-18 09:07:19', '2022-06-18 09:07:19'),
(88, 'ut', 'Non aut corporis ex deserunt repudiandae velit. Officiis aut autem aspernatur omnis et. Eos est aut qui nam. Ipsa explicabo aspernatur quis aut.', NULL, 6, 3, '2022-06-18 09:07:19', '2022-06-18 09:07:19'),
(89, 'esse', 'Consectetur qui odit nisi voluptatem. Quos ratione tenetur id soluta at maiores sit. Consequatur distinctio quasi illum aut quia aut est. Vel ratione illo optio ut quia omnis repellendus. Adipisci dicta excepturi omnis pariatur quibusdam et voluptatem.', NULL, 7, 10, '2022-06-18 09:07:19', '2022-06-18 09:07:19'),
(90, 'harum', 'Ut ut aut aut qui ducimus. Similique omnis dolore ipsum voluptatem eos quis. Quisquam beatae ipsam excepturi quam. Facilis at mollitia voluptatem et quo quis.', NULL, 6, 1, '2022-06-18 09:07:19', '2022-06-18 09:07:19'),
(91, 'natus', 'Vero et et ut ullam et explicabo facilis. Rerum minus itaque dolorum ut odio. Aspernatur numquam debitis optio et consequatur assumenda.', NULL, 2, 4, '2022-06-18 09:07:19', '2022-06-18 09:07:19'),
(92, 'voluptatem', 'Aut neque voluptatem est et. Ut consectetur labore molestias ullam quas eligendi magni. Aperiam sint facilis assumenda. Sed autem ut quia. Ipsum ut qui recusandae a.', NULL, 9, 9, '2022-06-18 09:07:19', '2022-06-18 09:07:19'),
(93, 'doloremque', 'Doloribus sint dicta itaque et incidunt nihil. Ut aut dolorem corrupti quae consequuntur est officiis. Totam illo deserunt aut.', NULL, 1, 7, '2022-06-18 09:07:19', '2022-06-18 09:07:19'),
(94, 'suscipit', 'Recusandae minima dolorem laborum est dolores quidem. Qui qui iste odit. Aut reprehenderit ut repellat iure sunt. Dolore inventore molestiae amet.', NULL, 10, 9, '2022-06-18 09:07:19', '2022-06-18 09:07:19'),
(95, 'qui', 'Delectus ullam adipisci quia quasi nisi et blanditiis. Sint ullam voluptates porro cumque iure dignissimos.', NULL, 10, 6, '2022-06-18 09:07:19', '2022-06-18 09:07:19'),
(96, 'sapiente', 'Qui accusamus et consequatur consectetur aliquid tempora. Voluptatibus omnis dicta culpa quo. Saepe velit laborum voluptatem quisquam fuga. Consequatur voluptatibus tempora sed molestiae commodi.', NULL, 6, 9, '2022-06-18 09:07:19', '2022-06-18 09:07:19'),
(97, 'deserunt', 'Doloribus voluptas amet animi qui. Reprehenderit ipsam deleniti suscipit iusto. Omnis architecto voluptas et reprehenderit dolorum sint totam. Voluptates qui nemo ad iure dolores.', NULL, 9, 6, '2022-06-18 09:07:19', '2022-06-18 09:07:19'),
(98, 'ullam', 'Enim veritatis sit tempore placeat. Eaque quo soluta ea ea maxime impedit quo. Voluptatem mollitia repellat voluptas sed unde ullam dolores asperiores.', NULL, 8, 5, '2022-06-18 09:07:19', '2022-06-18 09:07:19'),
(99, 'odio', 'Nemo voluptatum necessitatibus praesentium tempora dolor eligendi. Odio in ad a. Suscipit recusandae voluptatibus nisi et dignissimos. Vitae illo quos quas eum beatae sed molestiae ratione.', NULL, 8, 8, '2022-06-18 09:07:19', '2022-06-18 09:07:19'),
(100, 'ex', 'Ea dolores alias illum odio harum. Repudiandae nemo consequuntur sed dignissimos velit inventore alias. Sapiente possimus molestias aspernatur velit veritatis velit quia.', NULL, 8, 7, '2022-06-18 09:07:19', '2022-06-18 09:07:19');

-- --------------------------------------------------------

--
-- Table structure for table `roles`
--

CREATE TABLE `roles` (
  `id` bigint(20) UNSIGNED NOT NULL,
  `name` varchar(255) COLLATE utf8mb4_unicode_ci NOT NULL,
  `created_at` timestamp NULL DEFAULT NULL,
  `updated_at` timestamp NULL DEFAULT NULL
) ENGINE=InnoDB DEFAULT CHARSET=utf8mb4 COLLATE=utf8mb4_unicode_ci;

--
-- Dumping data for table `roles`
--

INSERT INTO `roles` (`id`, `name`, `created_at`, `updated_at`) VALUES
(1, 'admin', NULL, NULL),
(2, 'editor', NULL, NULL),
(4, 'user', '2022-06-19 16:23:48', '2022-06-19 16:23:48'),
(5, 'accounting', '2022-06-19 16:24:36', '2022-06-19 16:24:36');

-- --------------------------------------------------------

--
-- Table structure for table `users`
--

CREATE TABLE `users` (
  `id` bigint(20) UNSIGNED NOT NULL,
  `name` varchar(255) COLLATE utf8mb4_unicode_ci NOT NULL,
  `email` varchar(255) COLLATE utf8mb4_unicode_ci NOT NULL,
  `email_verified_at` timestamp NULL DEFAULT NULL,
  `password` varchar(255) COLLATE utf8mb4_unicode_ci NOT NULL,
  `remember_token` varchar(100) COLLATE utf8mb4_unicode_ci DEFAULT NULL,
  `created_at` timestamp NULL DEFAULT NULL,
  `updated_at` timestamp NULL DEFAULT NULL
) ENGINE=InnoDB DEFAULT CHARSET=utf8mb4 COLLATE=utf8mb4_unicode_ci;

--
-- Dumping data for table `users`
--

INSERT INTO `users` (`id`, `name`, `email`, `email_verified_at`, `password`, `remember_token`, `created_at`, `updated_at`) VALUES
(1, 'Admin', 'admin@gmail.com', '2022-06-18 09:07:18', '$2y$10$LqEME1lMpOFpwD6hOZ9rVe9dm8mdS7k1Z6L0VOtnyOsFv5r89fiMS', '8oJqHpDwOhtWsqyfSxVE7DhatnKpk65dkhvip2O5y2aA4F1P9BKUMMyy0DZl', '2022-06-18 09:07:18', '2022-06-18 09:07:18'),
(2, 'Tania Schuster', 'kcarter@example.com', '2022-06-18 09:07:18', '$2y$10$92IXUNpkjO0rOQ5byMi.Ye4oKoEa3Ro9llC/.og/at2.uheWG/igi', NULL, '2022-06-18 09:07:18', '2022-06-18 09:07:18'),
(3, 'Hadley Wisozk', 'mpfeffer@example.org', '2022-06-18 09:07:18', '$2y$10$92IXUNpkjO0rOQ5byMi.Ye4oKoEa3Ro9llC/.og/at2.uheWG/igi', NULL, '2022-06-18 09:07:18', '2022-06-18 09:07:18'),
(4, 'Jaron Nitzsche', 'hershel63@example.org', '2022-06-18 09:07:18', '$2y$10$92IXUNpkjO0rOQ5byMi.Ye4oKoEa3Ro9llC/.og/at2.uheWG/igi', NULL, '2022-06-18 09:07:18', '2022-06-18 09:07:18'),
(5, 'Wilton Conn', 'lolita.sawayn@example.net', '2022-06-18 09:07:18', '$2y$10$92IXUNpkjO0rOQ5byMi.Ye4oKoEa3Ro9llC/.og/at2.uheWG/igi', NULL, '2022-06-18 09:07:18', '2022-06-18 09:07:18'),
(6, 'Ms. Delfina Franecki', 'klocko.merl@example.org', '2022-06-18 09:07:18', '$2y$10$92IXUNpkjO0rOQ5byMi.Ye4oKoEa3Ro9llC/.og/at2.uheWG/igi', NULL, '2022-06-18 09:07:18', '2022-06-18 09:07:18'),
(7, 'Damian Sipes', 'aurelia.hoeger@example.org', '2022-06-18 09:07:18', '$2y$10$92IXUNpkjO0rOQ5byMi.Ye4oKoEa3Ro9llC/.og/at2.uheWG/igi', NULL, '2022-06-18 09:07:18', '2022-06-18 09:07:18'),
(8, 'Dr. Mercedes Abshire', 'lrodriguez@example.net', '2022-06-18 09:07:18', '$2y$10$92IXUNpkjO0rOQ5byMi.Ye4oKoEa3Ro9llC/.og/at2.uheWG/igi', NULL, '2022-06-18 09:07:18', '2022-06-18 09:07:18'),
(9, 'Rodger Schimmel', 'abbott.roel@example.net', '2022-06-18 09:07:18', '$2y$10$92IXUNpkjO0rOQ5byMi.Ye4oKoEa3Ro9llC/.og/at2.uheWG/igi', NULL, '2022-06-18 09:07:18', '2022-06-18 09:07:18'),
(10, 'Jalon Koch', 'afeeney@example.com', '2022-06-18 09:07:18', '$2y$10$92IXUNpkjO0rOQ5byMi.Ye4oKoEa3Ro9llC/.og/at2.uheWG/igi', NULL, '2022-06-18 09:07:18', '2022-06-18 09:07:18'),
(11, 'Kyleigh Smith', 'alena.lowe@example.net', '2022-06-18 09:07:18', '$2y$10$92IXUNpkjO0rOQ5byMi.Ye4oKoEa3Ro9llC/.og/at2.uheWG/igi', NULL, '2022-06-18 09:07:18', '2022-06-18 09:07:18'),
(12, 'Test', 'test@test.com', NULL, '$2y$10$TCGBSznXScpWS05/3e2tkeW1EQgNYQCpzRlHJh2GvnE.su4eOOAkm', NULL, '2022-06-19 22:02:39', '2022-06-19 22:32:37'),
(13, 'test2', 'test2@test.com', NULL, '$2y$10$HYOqwMy/y2NhlhJ8FEsSK.vNtQbmZER0RVCyLceQO5YIGNmS/4JIS', NULL, '2022-06-19 22:03:31', '2022-06-19 22:26:12');

-- --------------------------------------------------------

--
-- Table structure for table `user_role`
--

CREATE TABLE `user_role` (
  `user_id` int(11) NOT NULL,
  `role_id` int(11) NOT NULL
) ENGINE=InnoDB DEFAULT CHARSET=utf8mb4;

--
-- Dumping data for table `user_role`
--

INSERT INTO `user_role` (`user_id`, `role_id`) VALUES
(13, 1),
(1, 1),
(2, 2),
(2, 5),
(12, 1),
(12, 2),
(12, 5);

--
-- Indexes for dumped tables
--

--
-- Indexes for table `categories`
--
ALTER TABLE `categories`
  ADD PRIMARY KEY (`id`);

--
-- Indexes for table `comments`
--
ALTER TABLE `comments`
  ADD PRIMARY KEY (`id`);

--
-- Indexes for table `failed_jobs`
--
ALTER TABLE `failed_jobs`
  ADD PRIMARY KEY (`id`),
  ADD UNIQUE KEY `failed_jobs_uuid_unique` (`uuid`);

--
-- Indexes for table `migrations`
--
ALTER TABLE `migrations`
  ADD PRIMARY KEY (`id`);

--
-- Indexes for table `password_resets`
--
ALTER TABLE `password_resets`
  ADD KEY `password_resets_email_index` (`email`);

--
-- Indexes for table `permissions`
--
ALTER TABLE `permissions`
  ADD PRIMARY KEY (`id`);

--
-- Indexes for table `personal_access_tokens`
--
ALTER TABLE `personal_access_tokens`
  ADD PRIMARY KEY (`id`),
  ADD UNIQUE KEY `personal_access_tokens_token_unique` (`token`),
  ADD KEY `personal_access_tokens_tokenable_type_tokenable_id_index` (`tokenable_type`,`tokenable_id`);

--
-- Indexes for table `posts`
--
ALTER TABLE `posts`
  ADD PRIMARY KEY (`id`);

--
-- Indexes for table `roles`
--
ALTER TABLE `roles`
  ADD PRIMARY KEY (`id`);

--
-- Indexes for table `users`
--
ALTER TABLE `users`
  ADD PRIMARY KEY (`id`),
  ADD UNIQUE KEY `users_email_unique` (`email`);

--
-- AUTO_INCREMENT for dumped tables
--

--
-- AUTO_INCREMENT for table `categories`
--
ALTER TABLE `categories`
  MODIFY `id` bigint(20) UNSIGNED NOT NULL AUTO_INCREMENT, AUTO_INCREMENT=15;

--
-- AUTO_INCREMENT for table `comments`
--
ALTER TABLE `comments`
  MODIFY `id` bigint(20) UNSIGNED NOT NULL AUTO_INCREMENT, AUTO_INCREMENT=1002;

--
-- AUTO_INCREMENT for table `failed_jobs`
--
ALTER TABLE `failed_jobs`
  MODIFY `id` bigint(20) UNSIGNED NOT NULL AUTO_INCREMENT;

--
-- AUTO_INCREMENT for table `migrations`
--
ALTER TABLE `migrations`
  MODIFY `id` int(10) UNSIGNED NOT NULL AUTO_INCREMENT, AUTO_INCREMENT=151;

--
-- AUTO_INCREMENT for table `permissions`
--
ALTER TABLE `permissions`
  MODIFY `id` bigint(20) UNSIGNED NOT NULL AUTO_INCREMENT, AUTO_INCREMENT=28;

--
-- AUTO_INCREMENT for table `personal_access_tokens`
--
ALTER TABLE `personal_access_tokens`
  MODIFY `id` bigint(20) UNSIGNED NOT NULL AUTO_INCREMENT;

--
-- AUTO_INCREMENT for table `posts`
--
ALTER TABLE `posts`
  MODIFY `id` bigint(20) UNSIGNED NOT NULL AUTO_INCREMENT, AUTO_INCREMENT=104;

--
-- AUTO_INCREMENT for table `roles`
--
ALTER TABLE `roles`
  MODIFY `id` bigint(20) UNSIGNED NOT NULL AUTO_INCREMENT, AUTO_INCREMENT=7;

--
-- AUTO_INCREMENT for table `users`
--
ALTER TABLE `users`
  MODIFY `id` bigint(20) UNSIGNED NOT NULL AUTO_INCREMENT, AUTO_INCREMENT=14;
COMMIT;

/*!40101 SET CHARACTER_SET_CLIENT=@OLD_CHARACTER_SET_CLIENT */;
/*!40101 SET CHARACTER_SET_RESULTS=@OLD_CHARACTER_SET_RESULTS */;
/*!40101 SET COLLATION_CONNECTION=@OLD_COLLATION_CONNECTION */;
